ix,iy,x_m,y_m,depth_m
0,0,-250.0,-100.0,4.5
1,0,-245.0,-100.0,4.55
2,0,-240.0,-100.0,4.6
3,0,-235.0,-100.0,4.65
4,0,-230.0,-100.0,4.7
5,0,-225.0,-100.0,4.75
6,0,-220.0,-100.0,4.8
7,0,-215.0,-100.0,4.85
8,0,-210.0,-100.0,4.9
9,0,-205.0,-100.0,4.95
10,0,-200.0,-100.0,5.0
11,0,-195.0,-100.0,5.05
12,0,-190.0,-100.0,5.1
13,0,-185.0,-100.0,5.15
14,0,-180.0,-100.0,5.2
15,0,-175.0,-100.0,5.25
16,0,-170.0,-100.0,5.3
17,0,-165.0,-100.0,5.35
18,0,-160.0,-100.0,5.4
19,0,-155.0,-100.0,5.45
20,0,-150.0,-100.0,5.5
21,0,-145.0,-100.0,5.55
22,0,-140.0,-100.0,5.6
23,0,-135.0,-100.0,5.65
24,0,-130.0,-100.0,5.7
25,0,-125.0,-100.0,5.75
26,0,-120.0,-100.0,5.8
27,0,-115.0,-100.0,5.85
28,0,-110.0,-100.0,5.9
29,0,-105.0,-100.0,5.95
30,0,-100.0,-100.0,6.0
31,0,-95.0,-100.0,6.05
32,0,-90.0,-100.0,6.1
33,0,-85.0,-100.0,6.15
34,0,-80.0,-100.0,6.2
35,0,-75.0,-100.0,6.25
36,0,-70.0,-100.0,6.3
37,0,-65.0,-100.0,6.35
38,0,-60.0,-100.0,6.4
39,0,-55.0,-100.0,6.45
40,0,-50.0,-100.0,6.5
41,0,-45.0,-100.0,6.55
42,0,-40.0,-100.0,6.6
43,0,-35.0,-100.0,6.65
44,0,-30.0,-100.0,6.7
45,0,-25.0,-100.0,6.75
46,0,-20.0,-100.0,6.8
47,0,-15.0,-100.0,6.85
48,0,-10.0,-100.0,6.9
49,0,-5.0,-100.0,6.95
50,0,0.0,-100.0,7.0
51,0,5.0,-100.0,7.05
52,0,10.0,-100.0,7.1
53,0,15.0,-100.0,7.15
54,0,20.0,-100.0,7.2
55,0,25.0,-100.0,7.25
56,0,30.0,-100.0,7.3
57,0,35.0,-100.0,7.35
58,0,40.0,-100.0,7.4
59,0,45.0,-100.0,7.45
60,0,50.0,-100.0,7.5
61,0,55.0,-100.0,7.55
62,0,60.0,-100.0,7.6
63,0,65.0,-100.0,7.65
64,0,70.0,-100.0,7.7
65,0,75.0,-100.0,7.75
66,0,80.0,-100.0,7.8
67,0,85.0,-100.0,7.85
68,0,90.0,-100.0,7.9
69,0,95.0,-100.0,7.95
70,0,100.0,-100.0,8.0
71,0,105.0,-100.0,8.05
72,0,110.0,-100.0,8.1
73,0,115.0,-100.0,8.15
74,0,120.0,-100.0,8.2
75,0,125.0,-100.0,8.25
76,0,130.0,-100.0,8.3
77,0,135.0,-100.0,8.35
78,0,140.0,-100.0,8.4
79,0,145.0,-100.0,8.45
80,0,150.0,-100.0,8.5
81,0,155.0,-100.0,8.55
82,0,160.0,-100.0,8.6
83,0,165.0,-100.0,8.65
84,0,170.0,-100.0,8.7
85,0,175.0,-100.0,8.75
86,0,180.0,-100.0,8.8
87,0,185.0,-100.0,8.85
88,0,190.0,-100.0,8.9
89,0,195.0,-100.0,8.95
90,0,200.0,-100.0,9.0
91,0,205.0,-100.0,9.05
92,0,210.0,-100.0,9.1
93,0,215.0,-100.0,9.15
94,0,220.0,-100.0,9.2
95,0,225.0,-100.0,9.25
96,0,230.0,-100.0,9.3
97,0,235.0,-100.0,9.35
98,0,240.0,-100.0,9.4
99,0,245.0,-100.0,9.45
100,0,250.0,-100.0,9.5
0,1,-250.0,-95.0,4.5
1,1,-245.0,-95.0,4.55
2,1,-240.0,-95.0,4.6
3,1,-235.0,-95.0,4.65
4,1,-230.0,-95.0,4.7
5,1,-225.0,-95.0,4.75
6,1,-220.0,-95.0,4.8
7,1,-215.0,-95.0,4.85
8,1,-210.0,-95.0,4.9
9,1,-205.0,-95.0,4.95
10,1,-200.0,-95.0,5.0
11,1,-195.0,-95.0,5.05
12,1,-190.0,-95.0,5.1
13,1,-185.0,-95.0,5.15
14,1,-180.0,-95.0,5.2
15,1,-175.0,-95.0,5.25
16,1,-170.0,-95.0,5.3
17,1,-165.0,-95.0,5.35
18,1,-160.0,-95.0,5.4
19,1,-155.0,-95.0,5.45
20,1,-150.0,-95.0,5.5
21,1,-145.0,-95.0,5.55
22,1,-140.0,-95.0,5.6
23,1,-135.0,-95.0,5.65
24,1,-130.0,-95.0,5.7
25,1,-125.0,-95.0,5.75
26,1,-120.0,-95.0,5.8
27,1,-115.0,-95.0,5.85
28,1,-110.0,-95.0,5.9
29,1,-105.0,-95.0,5.95
30,1,-100.0,-95.0,6.0
31,1,-95.0,-95.0,6.05
32,1,-90.0,-95.0,6.1
33,1,-85.0,-95.0,6.15
34,1,-80.0,-95.0,6.2
35,1,-75.0,-95.0,6.25
36,1,-70.0,-95.0,6.3
37,1,-65.0,-95.0,6.35
38,1,-60.0,-95.0,6.4
39,1,-55.0,-95.0,6.45
40,1,-50.0,-95.0,6.5
41,1,-45.0,-95.0,6.55
42,1,-40.0,-95.0,6.6
43,1,-35.0,-95.0,6.65
44,1,-30.0,-95.0,6.7
45,1,-25.0,-95.0,6.75
46,1,-20.0,-95.0,6.8
47,1,-15.0,-95.0,6.85
48,1,-10.0,-95.0,6.9
49,1,-5.0,-95.0,6.95
50,1,0.0,-95.0,7.0
51,1,5.0,-95.0,7.05
52,1,10.0,-95.0,7.1
53,1,15.0,-95.0,7.15
54,1,20.0,-95.0,7.2
55,1,25.0,-95.0,7.25
56,1,30.0,-95.0,7.3
57,1,35.0,-95.0,7.35
58,1,40.0,-95.0,7.4
59,1,45.0,-95.0,7.45
60,1,50.0,-95.0,7.5
61,1,55.0,-95.0,7.55
62,1,60.0,-95.0,7.6
63,1,65.0,-95.0,7.65
64,1,70.0,-95.0,7.7
65,1,75.0,-95.0,7.75
66,1,80.0,-95.0,7.8
67,1,85.0,-95.0,7.85
68,1,90.0,-95.0,7.9
69,1,95.0,-95.0,7.95
70,1,100.0,-95.0,8.0
71,1,105.0,-95.0,8.05
72,1,110.0,-95.0,8.1
73,1,115.0,-95.0,8.15
74,1,120.0,-95.0,8.2
75,1,125.0,-95.0,8.25
76,1,130.0,-95.0,8.3
77,1,135.0,-95.0,8.35
78,1,140.0,-95.0,8.4
79,1,145.0,-95.0,8.45
80,1,150.0,-95.0,8.5
81,1,155.0,-95.0,8.55
82,1,160.0,-95.0,8.6
83,1,165.0,-95.0,8.65
84,1,170.0,-95.0,8.7
85,1,175.0,-95.0,8.75
86,1,180.0,-95.0,8.8
87,1,185.0,-95.0,8.85
88,1,190.0,-95.0,8.9
89,1,195.0,-95.0,8.95
90,1,200.0,-95.0,9.0
91,1,205.0,-95.0,9.05
92,1,210.0,-95.0,9.1
93,1,215.0,-95.0,9.15
94,1,220.0,-95.0,9.2
95,1,225.0,-95.0,9.25
96,1,230.0,-95.0,9.3
97,1,235.0,-95.0,9.35
98,1,240.0,-95.0,9.4
99,1,245.0,-95.0,9.45
100,1,250.0,-95.0,9.5
0,2,-250.0,-90.0,4.5
1,2,-245.0,-90.0,4.55
2,2,-240.0,-90.0,4.6
3,2,-235.0,-90.0,4.65
4,2,-230.0,-90.0,4.7
5,2,-225.0,-90.0,4.75
6,2,-220.0,-90.0,4.8
7,2,-215.0,-90.0,4.85
8,2,-210.0,-90.0,4.9
9,2,-205.0,-90.0,4.95
10,2,-200.0,-90.0,5.0
11,2,-195.0,-90.0,5.05
12,2,-190.0,-90.0,5.1
13,2,-185.0,-90.0,5.15
14,2,-180.0,-90.0,5.2
15,2,-175.0,-90.0,5.25
16,2,-170.0,-90.0,5.3
17,2,-165.0,-90.0,5.35
18,2,-160.0,-90.0,5.4
19,2,-155.0,-90.0,5.45
20,2,-150.0,-90.0,5.5
21,2,-145.0,-90.0,5.55
22,2,-140.0,-90.0,5.6
23,2,-135.0,-90.0,5.65
24,2,-130.0,-90.0,5.7
25,2,-125.0,-90.0,5.75
26,2,-120.0,-90.0,5.8
27,2,-115.0,-90.0,5.85
28,2,-110.0,-90.0,5.9
29,2,-105.0,-90.0,5.95
30,2,-100.0,-90.0,6.0
31,2,-95.0,-90.0,6.05
32,2,-90.0,-90.0,6.1
33,2,-85.0,-90.0,6.15
34,2,-80.0,-90.0,6.2
35,2,-75.0,-90.0,6.25
36,2,-70.0,-90.0,6.3
37,2,-65.0,-90.0,6.35
38,2,-60.0,-90.0,6.4
39,2,-55.0,-90.0,6.45
40,2,-50.0,-90.0,6.5
41,2,-45.0,-90.0,6.55
42,2,-40.0,-90.0,6.6
43,2,-35.0,-90.0,6.65
44,2,-30.0,-90.0,6.7
45,2,-25.0,-90.0,6.75
46,2,-20.0,-90.0,6.8
47,2,-15.0,-90.0,6.85
48,2,-10.0,-90.0,6.9
49,2,-5.0,-90.0,6.95
50,2,0.0,-90.0,7.0
51,2,5.0,-90.0,7.05
52,2,10.0,-90.0,7.1
53,2,15.0,-90.0,7.15
54,2,20.0,-90.0,7.2
55,2,25.0,-90.0,7.25
56,2,30.0,-90.0,7.3
57,2,35.0,-90.0,7.35
58,2,40.0,-90.0,7.4
59,2,45.0,-90.0,7.45
60,2,50.0,-90.0,7.5
61,2,55.0,-90.0,7.55
62,2,60.0,-90.0,7.6
63,2,65.0,-90.0,7.65
64,2,70.0,-90.0,7.7
65,2,75.0,-90.0,7.75
66,2,80.0,-90.0,7.8
67,2,85.0,-90.0,7.85
68,2,90.0,-90.0,7.9
69,2,95.0,-90.0,7.95
70,2,100.0,-90.0,8.0
71,2,105.0,-90.0,8.05
72,2,110.0,-90.0,8.1
73,2,115.0,-90.0,8.15
74,2,120.0,-90.0,8.2
75,2,125.0,-90.0,8.25
76,2,130.0,-90.0,8.3
77,2,135.0,-90.0,8.35
78,2,140.0,-90.0,8.4
79,2,145.0,-90.0,8.45
80,2,150.0,-90.0,8.5
81,2,155.0,-90.0,8.55
82,2,160.0,-90.0,8.6
83,2,165.0,-90.0,8.65
84,2,170.0,-90.0,8.7
85,2,175.0,-90.0,8.75
86,2,180.0,-90.0,8.8
87,2,185.0,-90.0,8.85
88,2,190.0,-90.0,8.9
89,2,195.0,-90.0,8.95
90,2,200.0,-90.0,9.0
91,2,205.0,-90.0,9.05
92,2,210.0,-90.0,9.1
93,2,215.0,-90.0,9.15
94,2,220.0,-90.0,9.2
95,2,225.0,-90.0,9.25
96,2,230.0,-90.0,9.3
97,2,235.0,-90.0,9.35
98,2,240.0,-90.0,9.4
99,2,245.0,-90.0,9.45
100,2,250.0,-90.0,9.5
0,3,-250.0,-85.0,4.5
1,3,-245.0,-85.0,4.55
2,3,-240.0,-85.0,4.6
3,3,-235.0,-85.0,4.65
4,3,-230.0,-85.0,4.7
5,3,-225.0,-85.0,4.75
6,3,-220.0,-85.0,4.8
7,3,-215.0,-85.0,4.85
8,3,-210.0,-85.0,4.9
9,3,-205.0,-85.0,4.95
10,3,-200.0,-85.0,5.0
11,3,-195.0,-85.0,5.05
12,3,-190.0,-85.0,5.1
13,3,-185.0,-85.0,5.15
14,3,-180.0,-85.0,5.2
15,3,-175.0,-85.0,5.25
16,3,-170.0,-85.0,5.3
17,3,-165.0,-85.0,5.35
18,3,-160.0,-85.0,5.4
19,3,-155.0,-85.0,5.45
20,3,-150.0,-85.0,5.5
21,3,-145.0,-85.0,5.55
22,3,-140.0,-85.0,5.6
23,3,-135.0,-85.0,5.65
24,3,-130.0,-85.0,5.7
25,3,-125.0,-85.0,5.75
26,3,-120.0,-85.0,5.8
27,3,-115.0,-85.0,5.85
28,3,-110.0,-85.0,5.9
29,3,-105.0,-85.0,5.95
30,3,-100.0,-85.0,6.0
31,3,-95.0,-85.0,6.05
32,3,-90.0,-85.0,6.1
33,3,-85.0,-85.0,6.15
34,3,-80.0,-85.0,6.2
35,3,-75.0,-85.0,6.25
36,3,-70.0,-85.0,6.3
37,3,-65.0,-85.0,6.35
38,3,-60.0,-85.0,6.4
39,3,-55.0,-85.0,6.45
40,3,-50.0,-85.0,6.5
41,3,-45.0,-85.0,6.55
42,3,-40.0,-85.0,6.6
43,3,-35.0,-85.0,6.65
44,3,-30.0,-85.0,6.7
45,3,-25.0,-85.0,6.75
46,3,-20.0,-85.0,6.8
47,3,-15.0,-85.0,6.85
48,3,-10.0,-85.0,6.9
49,3,-5.0,-85.0,6.95
50,3,0.0,-85.0,7.0
51,3,5.0,-85.0,7.05
52,3,10.0,-85.0,7.1
53,3,15.0,-85.0,7.15
54,3,20.0,-85.0,7.2
55,3,25.0,-85.0,7.25
56,3,30.0,-85.0,7.3
57,3,35.0,-85.0,7.35
58,3,40.0,-85.0,7.4
59,3,45.0,-85.0,7.45
60,3,50.0,-85.0,7.5
61,3,55.0,-85.0,7.55
62,3,60.0,-85.0,7.6
63,3,65.0,-85.0,7.65
64,3,70.0,-85.0,7.7
65,3,75.0,-85.0,7.75
66,3,80.0,-85.0,7.8
67,3,85.0,-85.0,7.85
68,3,90.0,-85.0,7.9
69,3,95.0,-85.0,7.95
70,3,100.0,-85.0,8.0
71,3,105.0,-85.0,8.05
72,3,110.0,-85.0,8.1
73,3,115.0,-85.0,8.15
74,3,120.0,-85.0,8.2
75,3,125.0,-85.0,8.25
76,3,130.0,-85.0,8.3
77,3,135.0,-85.0,8.35
78,3,140.0,-85.0,8.4
79,3,145.0,-85.0,8.45
80,3,150.0,-85.0,8.5
81,3,155.0,-85.0,8.55
82,3,160.0,-85.0,8.6
83,3,165.0,-85.0,8.65
84,3,170.0,-85.0,8.7
85,3,175.0,-85.0,8.75
86,3,180.0,-85.0,8.8
87,3,185.0,-85.0,8.85
88,3,190.0,-85.0,8.9
89,3,195.0,-85.0,8.95
90,3,200.0,-85.0,9.0
91,3,205.0,-85.0,9.05
92,3,210.0,-85.0,9.1
93,3,215.0,-85.0,9.15
94,3,220.0,-85.0,9.2
95,3,225.0,-85.0,9.25
96,3,230.0,-85.0,9.3
97,3,235.0,-85.0,9.35
98,3,240.0,-85.0,9.4
99,3,245.0,-85.0,9.45
100,3,250.0,-85.0,9.5
0,4,-250.0,-80.0,4.5
1,4,-245.0,-80.0,4.55
2,4,-240.0,-80.0,4.6
3,4,-235.0,-80.0,4.65
4,4,-230.0,-80.0,4.7
5,4,-225.0,-80.0,4.75
6,4,-220.0,-80.0,4.8
7,4,-215.0,-80.0,4.85
8,4,-210.0,-80.0,4.9
9,4,-205.0,-80.0,4.95
10,4,-200.0,-80.0,5.0
11,4,-195.0,-80.0,5.05
12,4,-190.0,-80.0,5.1
13,4,-185.0,-80.0,5.15
14,4,-180.0,-80.0,5.2
15,4,-175.0,-80.0,5.25
16,4,-170.0,-80.0,5.3
17,4,-165.0,-80.0,5.35
18,4,-160.0,-80.0,5.4
19,4,-155.0,-80.0,5.45
20,4,-150.0,-80.0,5.5
21,4,-145.0,-80.0,5.55
22,4,-140.0,-80.0,5.6
23,4,-135.0,-80.0,5.65
24,4,-130.0,-80.0,5.7
25,4,-125.0,-80.0,5.75
26,4,-120.0,-80.0,5.8
27,4,-115.0,-80.0,5.85
28,4,-110.0,-80.0,5.9
29,4,-105.0,-80.0,5.95
30,4,-100.0,-80.0,6.0
31,4,-95.0,-80.0,6.05
32,4,-90.0,-80.0,6.1
33,4,-85.0,-80.0,6.15
34,4,-80.0,-80.0,6.2
35,4,-75.0,-80.0,6.25
36,4,-70.0,-80.0,6.3
37,4,-65.0,-80.0,6.35
38,4,-60.0,-80.0,6.4
39,4,-55.0,-80.0,6.45
40,4,-50.0,-80.0,6.5
41,4,-45.0,-80.0,6.55
42,4,-40.0,-80.0,6.6
43,4,-35.0,-80.0,6.65
44,4,-30.0,-80.0,6.7
45,4,-25.0,-80.0,6.75
46,4,-20.0,-80.0,6.8
47,4,-15.0,-80.0,6.85
48,4,-10.0,-80.0,6.9
49,4,-5.0,-80.0,6.95
50,4,0.0,-80.0,7.0
51,4,5.0,-80.0,7.05
52,4,10.0,-80.0,7.1
53,4,15.0,-80.0,7.15
54,4,20.0,-80.0,7.2
55,4,25.0,-80.0,7.25
56,4,30.0,-80.0,7.3
57,4,35.0,-80.0,7.35
58,4,40.0,-80.0,7.4
59,4,45.0,-80.0,7.45
60,4,50.0,-80.0,7.5
61,4,55.0,-80.0,7.55
62,4,60.0,-80.0,7.6
63,4,65.0,-80.0,7.65
64,4,70.0,-80.0,7.7
65,4,75.0,-80.0,7.75
66,4,80.0,-80.0,7.8
67,4,85.0,-80.0,7.85
68,4,90.0,-80.0,7.9
69,4,95.0,-80.0,7.95
70,4,100.0,-80.0,8.0
71,4,105.0,-80.0,8.05
72,4,110.0,-80.0,8.1
73,4,115.0,-80.0,8.15
74,4,120.0,-80.0,8.2
75,4,125.0,-80.0,8.25
76,4,130.0,-80.0,8.3
77,4,135.0,-80.0,8.35
78,4,140.0,-80.0,8.4
79,4,145.0,-80.0,8.45
80,4,150.0,-80.0,8.5
81,4,155.0,-80.0,8.55
82,4,160.0,-80.0,8.6
83,4,165.0,-80.0,8.65
84,4,170.0,-80.0,8.7
85,4,175.0,-80.0,8.75
86,4,180.0,-80.0,8.8
87,4,185.0,-80.0,8.85
88,4,190.0,-80.0,8.9
89,4,195.0,-80.0,8.95
90,4,200.0,-80.0,9.0
91,4,205.0,-80.0,9.05
92,4,210.0,-80.0,9.1
93,4,215.0,-80.0,9.15
94,4,220.0,-80.0,9.2
95,4,225.0,-80.0,9.25
96,4,230.0,-80.0,9.3
97,4,235.0,-80.0,9.35
98,4,240.0,-80.0,9.4
99,4,245.0,-80.0,9.45
100,4,250.0,-80.0,9.5
0,5,-250.0,-75.0,4.5
1,5,-245.0,-75.0,4.55
2,5,-240.0,-75.0,4.6
3,5,-235.0,-75.0,4.65
4,5,-230.0,-75.0,4.7
5,5,-225.0,-75.0,4.75
6,5,-220.0,-75.0,4.8
7,5,-215.0,-75.0,4.85
8,5,-210.0,-75.0,4.9
9,5,-205.0,-75.0,4.95
10,5,-200.0,-75.0,5.0
11,5,-195.0,-75.0,5.05
12,5,-190.0,-75.0,5.1
13,5,-185.0,-75.0,5.15
14,5,-180.0,-75.0,5.2
15,5,-175.0,-75.0,5.25
16,5,-170.0,-75.0,5.3
17,5,-165.0,-75.0,5.35
18,5,-160.0,-75.0,5.4
19,5,-155.0,-75.0,5.45
20,5,-150.0,-75.0,5.5
21,5,-145.0,-75.0,5.55
22,5,-140.0,-75.0,5.6
23,5,-135.0,-75.0,5.65
24,5,-130.0,-75.0,5.7
25,5,-125.0,-75.0,5.75
26,5,-120.0,-75.0,5.8
27,5,-115.0,-75.0,5.85
28,5,-110.0,-75.0,5.9
29,5,-105.0,-75.0,5.95
30,5,-100.0,-75.0,6.0
31,5,-95.0,-75.0,6.05
32,5,-90.0,-75.0,6.1
33,5,-85.0,-75.0,6.15
34,5,-80.0,-75.0,6.2
35,5,-75.0,-75.0,6.25
36,5,-70.0,-75.0,6.3
37,5,-65.0,-75.0,6.35
38,5,-60.0,-75.0,6.4
39,5,-55.0,-75.0,6.45
40,5,-50.0,-75.0,6.5
41,5,-45.0,-75.0,6.55
42,5,-40.0,-75.0,6.6
43,5,-35.0,-75.0,6.65
44,5,-30.0,-75.0,6.7
45,5,-25.0,-75.0,6.75
46,5,-20.0,-75.0,6.8
47,5,-15.0,-75.0,6.85
48,5,-10.0,-75.0,6.9
49,5,-5.0,-75.0,6.95
50,5,0.0,-75.0,7.0
51,5,5.0,-75.0,7.05
52,5,10.0,-75.0,7.1
53,5,15.0,-75.0,7.15
54,5,20.0,-75.0,7.2
55,5,25.0,-75.0,7.25
56,5,30.0,-75.0,7.3
57,5,35.0,-75.0,7.35
58,5,40.0,-75.0,7.4
59,5,45.0,-75.0,7.45
60,5,50.0,-75.0,7.5
61,5,55.0,-75.0,7.55
62,5,60.0,-75.0,7.6
63,5,65.0,-75.0,7.65
64,5,70.0,-75.0,7.7
65,5,75.0,-75.0,7.75
66,5,80.0,-75.0,7.8
67,5,85.0,-75.0,7.85
68,5,90.0,-75.0,7.9
69,5,95.0,-75.0,7.95
70,5,100.0,-75.0,8.0
71,5,105.0,-75.0,8.05
72,5,110.0,-75.0,8.1
73,5,115.0,-75.0,8.15
74,5,120.0,-75.0,8.2
75,5,125.0,-75.0,8.25
76,5,130.0,-75.0,8.3
77,5,135.0,-75.0,8.35
78,5,140.0,-75.0,8.4
79,5,145.0,-75.0,8.45
80,5,150.0,-75.0,8.5
81,5,155.0,-75.0,8.55
82,5,160.0,-75.0,8.6
83,5,165.0,-75.0,8.65
84,5,170.0,-75.0,8.7
85,5,175.0,-75.0,8.75
86,5,180.0,-75.0,8.8
87,5,185.0,-75.0,8.85
88,5,190.0,-75.0,8.9
89,5,195.0,-75.0,8.95
90,5,200.0,-75.0,9.0
91,5,205.0,-75.0,9.05
92,5,210.0,-75.0,9.1
93,5,215.0,-75.0,9.15
94,5,220.0,-75.0,9.2
95,5,225.0,-75.0,9.25
96,5,230.0,-75.0,9.3
97,5,235.0,-75.0,9.35
98,5,240.0,-75.0,9.4
99,5,245.0,-75.0,9.45
100,5,250.0,-75.0,9.5
0,6,-250.0,-70.0,4.5
1,6,-245.0,-70.0,4.55
2,6,-240.0,-70.0,4.6
3,6,-235.0,-70.0,4.65
4,6,-230.0,-70.0,4.7
5,6,-225.0,-70.0,4.75
6,6,-220.0,-70.0,4.8
7,6,-215.0,-70.0,4.85
8,6,-210.0,-70.0,4.9
9,6,-205.0,-70.0,4.95
10,6,-200.0,-70.0,5.0
11,6,-195.0,-70.0,5.05
12,6,-190.0,-70.0,5.1
13,6,-185.0,-70.0,5.15
14,6,-180.0,-70.0,5.2
15,6,-175.0,-70.0,5.25
16,6,-170.0,-70.0,5.3
17,6,-165.0,-70.0,5.35
18,6,-160.0,-70.0,5.4
19,6,-155.0,-70.0,5.45
20,6,-150.0,-70.0,5.5
21,6,-145.0,-70.0,5.55
22,6,-140.0,-70.0,5.6
23,6,-135.0,-70.0,5.65
24,6,-130.0,-70.0,5.7
25,6,-125.0,-70.0,5.75
26,6,-120.0,-70.0,5.8
27,6,-115.0,-70.0,5.85
28,6,-110.0,-70.0,5.9
29,6,-105.0,-70.0,5.95
30,6,-100.0,-70.0,6.0
31,6,-95.0,-70.0,6.05
32,6,-90.0,-70.0,6.1
33,6,-85.0,-70.0,6.15
34,6,-80.0,-70.0,6.2
35,6,-75.0,-70.0,6.25
36,6,-70.0,-70.0,6.3
37,6,-65.0,-70.0,6.35
38,6,-60.0,-70.0,6.4
39,6,-55.0,-70.0,6.45
40,6,-50.0,-70.0,6.5
41,6,-45.0,-70.0,6.55
42,6,-40.0,-70.0,6.6
43,6,-35.0,-70.0,6.65
44,6,-30.0,-70.0,6.7
45,6,-25.0,-70.0,6.75
46,6,-20.0,-70.0,6.8
47,6,-15.0,-70.0,6.85
48,6,-10.0,-70.0,6.9
49,6,-5.0,-70.0,6.95
50,6,0.0,-70.0,7.0
51,6,5.0,-70.0,7.05
52,6,10.0,-70.0,7.1
53,6,15.0,-70.0,7.15
54,6,20.0,-70.0,7.2
55,6,25.0,-70.0,7.25
56,6,30.0,-70.0,7.3
57,6,35.0,-70.0,7.35
58,6,40.0,-70.0,7.4
59,6,45.0,-70.0,7.45
60,6,50.0,-70.0,7.5
61,6,55.0,-70.0,7.55
62,6,60.0,-70.0,7.6
63,6,65.0,-70.0,7.65
64,6,70.0,-70.0,7.7
65,6,75.0,-70.0,7.75
66,6,80.0,-70.0,7.8
67,6,85.0,-70.0,7.85
68,6,90.0,-70.0,7.9
69,6,95.0,-70.0,7.95
70,6,100.0,-70.0,8.0
71,6,105.0,-70.0,8.05
72,6,110.0,-70.0,8.1
73,6,115.0,-70.0,8.15
74,6,120.0,-70.0,8.2
75,6,125.0,-70.0,8.25
76,6,130.0,-70.0,8.3
77,6,135.0,-70.0,8.35
78,6,140.0,-70.0,8.4
79,6,145.0,-70.0,8.45
80,6,150.0,-70.0,8.5
81,6,155.0,-70.0,8.55
82,6,160.0,-70.0,8.6
83,6,165.0,-70.0,8.65
84,6,170.0,-70.0,8.7
85,6,175.0,-70.0,8.75
86,6,180.0,-70.0,8.8
87,6,185.0,-70.0,8.85
88,6,190.0,-70.0,8.9
89,6,195.0,-70.0,8.95
90,6,200.0,-70.0,9.0
91,6,205.0,-70.0,9.05
92,6,210.0,-70.0,9.1
93,6,215.0,-70.0,9.15
94,6,220.0,-70.0,9.2
95,6,225.0,-70.0,9.25
96,6,230.0,-70.0,9.3
97,6,235.0,-70.0,9.35
98,6,240.0,-70.0,9.4
99,6,245.0,-70.0,9.45
100,6,250.0,-70.0,9.5
0,7,-250.0,-65.0,4.5
1,7,-245.0,-65.0,4.55
2,7,-240.0,-65.0,4.6
3,7,-235.0,-65.0,4.65
4,7,-230.0,-65.0,4.7
5,7,-225.0,-65.0,4.75
6,7,-220.0,-65.0,4.8
7,7,-215.0,-65.0,4.85
8,7,-210.0,-65.0,4.9
9,7,-205.0,-65.0,4.95
10,7,-200.0,-65.0,5.0
11,7,-195.0,-65.0,5.05
12,7,-190.0,-65.0,5.1
13,7,-185.0,-65.0,5.15
14,7,-180.0,-65.0,5.2
15,7,-175.0,-65.0,5.25
16,7,-170.0,-65.0,5.3
17,7,-165.0,-65.0,5.35
18,7,-160.0,-65.0,5.4
19,7,-155.0,-65.0,5.45
20,7,-150.0,-65.0,5.5
21,7,-145.0,-65.0,5.55
22,7,-140.0,-65.0,5.6
23,7,-135.0,-65.0,5.65
24,7,-130.0,-65.0,5.7
25,7,-125.0,-65.0,5.75
26,7,-120.0,-65.0,5.8
27,7,-115.0,-65.0,5.85
28,7,-110.0,-65.0,5.9
29,7,-105.0,-65.0,5.95
30,7,-100.0,-65.0,6.0
31,7,-95.0,-65.0,6.05
32,7,-90.0,-65.0,6.1
33,7,-85.0,-65.0,6.15
34,7,-80.0,-65.0,6.2
35,7,-75.0,-65.0,6.25
36,7,-70.0,-65.0,6.3
37,7,-65.0,-65.0,6.35
38,7,-60.0,-65.0,6.4
39,7,-55.0,-65.0,6.45
40,7,-50.0,-65.0,6.5
41,7,-45.0,-65.0,6.55
42,7,-40.0,-65.0,6.6
43,7,-35.0,-65.0,6.65
44,7,-30.0,-65.0,6.7
45,7,-25.0,-65.0,6.75
46,7,-20.0,-65.0,6.8
47,7,-15.0,-65.0,6.85
48,7,-10.0,-65.0,6.9
49,7,-5.0,-65.0,6.95
50,7,0.0,-65.0,7.0
51,7,5.0,-65.0,7.05
52,7,10.0,-65.0,7.1
53,7,15.0,-65.0,7.15
54,7,20.0,-65.0,7.2
55,7,25.0,-65.0,7.25
56,7,30.0,-65.0,7.3
57,7,35.0,-65.0,7.35
58,7,40.0,-65.0,7.4
59,7,45.0,-65.0,7.45
60,7,50.0,-65.0,7.5
61,7,55.0,-65.0,7.55
62,7,60.0,-65.0,7.6
63,7,65.0,-65.0,7.65
64,7,70.0,-65.0,7.7
65,7,75.0,-65.0,7.75
66,7,80.0,-65.0,7.8
67,7,85.0,-65.0,7.85
68,7,90.0,-65.0,7.9
69,7,95.0,-65.0,7.95
70,7,100.0,-65.0,8.0
71,7,105.0,-65.0,8.05
72,7,110.0,-65.0,8.1
73,7,115.0,-65.0,8.15
74,7,120.0,-65.0,8.2
75,7,125.0,-65.0,8.25
76,7,130.0,-65.0,8.3
77,7,135.0,-65.0,8.35
78,7,140.0,-65.0,8.4
79,7,145.0,-65.0,8.45
80,7,150.0,-65.0,8.5
81,7,155.0,-65.0,8.55
82,7,160.0,-65.0,8.6
83,7,165.0,-65.0,8.65
84,7,170.0,-65.0,8.7
85,7,175.0,-65.0,8.75
86,7,180.0,-65.0,8.8
87,7,185.0,-65.0,8.85
88,7,190.0,-65.0,8.9
89,7,195.0,-65.0,8.95
90,7,200.0,-65.0,9.0
91,7,205.0,-65.0,9.05
92,7,210.0,-65.0,9.1
93,7,215.0,-65.0,9.15
94,7,220.0,-65.0,9.2
95,7,225.0,-65.0,9.25
96,7,230.0,-65.0,9.3
97,7,235.0,-65.0,9.35
98,7,240.0,-65.0,9.4
99,7,245.0,-65.0,9.45
100,7,250.0,-65.0,9.5
0,8,-250.0,-60.0,4.5
1,8,-245.0,-60.0,4.55
2,8,-240.0,-60.0,4.6
3,8,-235.0,-60.0,4.65
4,8,-230.0,-60.0,4.7
5,8,-225.0,-60.0,4.75
6,8,-220.0,-60.0,4.8
7,8,-215.0,-60.0,4.85
8,8,-210.0,-60.0,4.9
9,8,-205.0,-60.0,4.95
10,8,-200.0,-60.0,5.0
11,8,-195.0,-60.0,5.05
12,8,-190.0,-60.0,5.1
13,8,-185.0,-60.0,5.15
14,8,-180.0,-60.0,5.2
15,8,-175.0,-60.0,5.25
16,8,-170.0,-60.0,5.3
17,8,-165.0,-60.0,5.35
18,8,-160.0,-60.0,5.4
19,8,-155.0,-60.0,5.45
20,8,-150.0,-60.0,5.5
21,8,-145.0,-60.0,5.55
22,8,-140.0,-60.0,5.6
23,8,-135.0,-60.0,5.65
24,8,-130.0,-60.0,5.7
25,8,-125.0,-60.0,5.75
26,8,-120.0,-60.0,5.8
27,8,-115.0,-60.0,5.85
28,8,-110.0,-60.0,5.9
29,8,-105.0,-60.0,5.95
30,8,-100.0,-60.0,6.0
31,8,-95.0,-60.0,6.05
32,8,-90.0,-60.0,6.1
33,8,-85.0,-60.0,6.15
34,8,-80.0,-60.0,6.2
35,8,-75.0,-60.0,6.25
36,8,-70.0,-60.0,6.3
37,8,-65.0,-60.0,6.35
38,8,-60.0,-60.0,6.4
39,8,-55.0,-60.0,6.45
40,8,-50.0,-60.0,6.5
41,8,-45.0,-60.0,6.55
42,8,-40.0,-60.0,6.6
43,8,-35.0,-60.0,6.65
44,8,-30.0,-60.0,6.7
45,8,-25.0,-60.0,6.75
46,8,-20.0,-60.0,6.8
47,8,-15.0,-60.0,6.85
48,8,-10.0,-60.0,6.9
49,8,-5.0,-60.0,6.95
50,8,0.0,-60.0,7.0
51,8,5.0,-60.0,7.05
52,8,10.0,-60.0,7.1
53,8,15.0,-60.0,7.15
54,8,20.0,-60.0,7.2
55,8,25.0,-60.0,7.25
56,8,30.0,-60.0,7.3
57,8,35.0,-60.0,7.35
58,8,40.0,-60.0,7.4
59,8,45.0,-60.0,7.45
60,8,50.0,-60.0,7.5
61,8,55.0,-60.0,7.55
62,8,60.0,-60.0,7.6
63,8,65.0,-60.0,7.65
64,8,70.0,-60.0,7.7
65,8,75.0,-60.0,7.75
66,8,80.0,-60.0,7.8
67,8,85.0,-60.0,7.85
68,8,90.0,-60.0,7.9
69,8,95.0,-60.0,7.95
70,8,100.0,-60.0,8.0
71,8,105.0,-60.0,8.05
72,8,110.0,-60.0,8.1
73,8,115.0,-60.0,8.15
74,8,120.0,-60.0,8.2
75,8,125.0,-60.0,8.25
76,8,130.0,-60.0,8.3
77,8,135.0,-60.0,8.35
78,8,140.0,-60.0,8.4
79,8,145.0,-60.0,8.45
80,8,150.0,-60.0,8.5
81,8,155.0,-60.0,8.55
82,8,160.0,-60.0,8.6
83,8,165.0,-60.0,8.65
84,8,170.0,-60.0,8.7
85,8,175.0,-60.0,8.75
86,8,180.0,-60.0,8.8
87,8,185.0,-60.0,8.85
88,8,190.0,-60.0,8.9
89,8,195.0,-60.0,8.95
90,8,200.0,-60.0,9.0
91,8,205.0,-60.0,9.05
92,8,210.0,-60.0,9.1
93,8,215.0,-60.0,9.15
94,8,220.0,-60.0,9.2
95,8,225.0,-60.0,9.25
96,8,230.0,-60.0,9.3
97,8,235.0,-60.0,9.35
98,8,240.0,-60.0,9.4
99,8,245.0,-60.0,9.45
100,8,250.0,-60.0,9.5
0,9,-250.0,-55.0,4.5
1,9,-245.0,-55.0,4.55
2,9,-240.0,-55.0,4.6
3,9,-235.0,-55.0,4.65
4,9,-230.0,-55.0,4.7
5,9,-225.0,-55.0,4.75
6,9,-220.0,-55.0,4.8
7,9,-215.0,-55.0,4.85
8,9,-210.0,-55.0,4.9
9,9,-205.0,-55.0,4.95
10,9,-200.0,-55.0,5.0
11,9,-195.0,-55.0,5.05
12,9,-190.0,-55.0,5.1
13,9,-185.0,-55.0,5.15
14,9,-180.0,-55.0,5.2
15,9,-175.0,-55.0,5.25
16,9,-170.0,-55.0,5.3
17,9,-165.0,-55.0,5.35
18,9,-160.0,-55.0,5.4
19,9,-155.0,-55.0,5.45
20,9,-150.0,-55.0,5.5
21,9,-145.0,-55.0,5.55
22,9,-140.0,-55.0,5.6
23,9,-135.0,-55.0,5.65
24,9,-130.0,-55.0,5.7
25,9,-125.0,-55.0,5.75
26,9,-120.0,-55.0,5.8
27,9,-115.0,-55.0,5.85
28,9,-110.0,-55.0,5.9
29,9,-105.0,-55.0,5.95
30,9,-100.0,-55.0,6.0
31,9,-95.0,-55.0,6.05
32,9,-90.0,-55.0,6.1
33,9,-85.0,-55.0,6.15
34,9,-80.0,-55.0,6.2
35,9,-75.0,-55.0,6.25
36,9,-70.0,-55.0,6.3
37,9,-65.0,-55.0,6.35
38,9,-60.0,-55.0,6.4
39,9,-55.0,-55.0,6.45
40,9,-50.0,-55.0,6.5
41,9,-45.0,-55.0,6.55
42,9,-40.0,-55.0,6.6
43,9,-35.0,-55.0,6.65
44,9,-30.0,-55.0,6.7
45,9,-25.0,-55.0,6.75
46,9,-20.0,-55.0,6.8
47,9,-15.0,-55.0,6.85
48,9,-10.0,-55.0,6.9
49,9,-5.0,-55.0,6.95
50,9,0.0,-55.0,7.0
51,9,5.0,-55.0,7.05
52,9,10.0,-55.0,7.1
53,9,15.0,-55.0,7.15
54,9,20.0,-55.0,7.2
55,9,25.0,-55.0,7.25
56,9,30.0,-55.0,7.3
57,9,35.0,-55.0,7.35
58,9,40.0,-55.0,7.4
59,9,45.0,-55.0,7.45
60,9,50.0,-55.0,7.5
61,9,55.0,-55.0,7.55
62,9,60.0,-55.0,7.6
63,9,65.0,-55.0,7.65
64,9,70.0,-55.0,7.7
65,9,75.0,-55.0,7.75
66,9,80.0,-55.0,7.8
67,9,85.0,-55.0,7.85
68,9,90.0,-55.0,7.9
69,9,95.0,-55.0,7.95
70,9,100.0,-55.0,8.0
71,9,105.0,-55.0,8.05
72,9,110.0,-55.0,8.1
73,9,115.0,-55.0,8.15
74,9,120.0,-55.0,8.2
75,9,125.0,-55.0,8.25
76,9,130.0,-55.0,8.3
77,9,135.0,-55.0,8.35
78,9,140.0,-55.0,8.4
79,9,145.0,-55.0,8.45
80,9,150.0,-55.0,8.5
81,9,155.0,-55.0,8.55
82,9,160.0,-55.0,8.6
83,9,165.0,-55.0,8.65
84,9,170.0,-55.0,8.7
85,9,175.0,-55.0,8.75
86,9,180.0,-55.0,8.8
87,9,185.0,-55.0,8.85
88,9,190.0,-55.0,8.9
89,9,195.0,-55.0,8.95
90,9,200.0,-55.0,9.0
91,9,205.0,-55.0,9.05
92,9,210.0,-55.0,9.1
93,9,215.0,-55.0,9.15
94,9,220.0,-55.0,9.2
95,9,225.0,-55.0,9.25
96,9,230.0,-55.0,9.3
97,9,235.0,-55.0,9.35
98,9,240.0,-55.0,9.4
99,9,245.0,-55.0,9.45
100,9,250.0,-55.0,9.5
0,10,-250.0,-50.0,4.5
1,10,-245.0,-50.0,4.55
2,10,-240.0,-50.0,4.6
3,10,-235.0,-50.0,4.65
4,10,-230.0,-50.0,4.7
5,10,-225.0,-50.0,4.75
6,10,-220.0,-50.0,4.8
7,10,-215.0,-50.0,4.85
8,10,-210.0,-50.0,4.9
9,10,-205.0,-50.0,4.95
10,10,-200.0,-50.0,5.0
11,10,-195.0,-50.0,5.05
12,10,-190.0,-50.0,5.1
13,10,-185.0,-50.0,5.15
14,10,-180.0,-50.0,5.2
15,10,-175.0,-50.0,5.25
16,10,-170.0,-50.0,5.3
17,10,-165.0,-50.0,5.35
18,10,-160.0,-50.0,5.4
19,10,-155.0,-50.0,5.45
20,10,-150.0,-50.0,5.5
21,10,-145.0,-50.0,5.55
22,10,-140.0,-50.0,5.6
23,10,-135.0,-50.0,5.65
24,10,-130.0,-50.0,5.7
25,10,-125.0,-50.0,5.75
26,10,-120.0,-50.0,5.8
27,10,-115.0,-50.0,5.85
28,10,-110.0,-50.0,5.9
29,10,-105.0,-50.0,5.95
30,10,-100.0,-50.0,6.0
31,10,-95.0,-50.0,6.05
32,10,-90.0,-50.0,6.1
33,10,-85.0,-50.0,6.15
34,10,-80.0,-50.0,6.2
35,10,-75.0,-50.0,6.25
36,10,-70.0,-50.0,6.3
37,10,-65.0,-50.0,6.35
38,10,-60.0,-50.0,6.4
39,10,-55.0,-50.0,6.45
40,10,-50.0,-50.0,6.5
41,10,-45.0,-50.0,6.55
42,10,-40.0,-50.0,6.6
43,10,-35.0,-50.0,6.65
44,10,-30.0,-50.0,6.7
45,10,-25.0,-50.0,6.75
46,10,-20.0,-50.0,6.8
47,10,-15.0,-50.0,6.85
48,10,-10.0,-50.0,6.9
49,10,-5.0,-50.0,6.95
50,10,0.0,-50.0,7.0
51,10,5.0,-50.0,7.05
52,10,10.0,-50.0,7.1
53,10,15.0,-50.0,7.15
54,10,20.0,-50.0,7.2
55,10,25.0,-50.0,7.25
56,10,30.0,-50.0,7.3
57,10,35.0,-50.0,7.35
58,10,40.0,-50.0,7.4
59,10,45.0,-50.0,7.45
60,10,50.0,-50.0,7.5
61,10,55.0,-50.0,7.55
62,10,60.0,-50.0,7.6
63,10,65.0,-50.0,7.65
64,10,70.0,-50.0,7.7
65,10,75.0,-50.0,7.75
66,10,80.0,-50.0,7.8
67,10,85.0,-50.0,7.85
68,10,90.0,-50.0,7.9
69,10,95.0,-50.0,7.95
70,10,100.0,-50.0,8.0
71,10,105.0,-50.0,8.05
72,10,110.0,-50.0,8.1
73,10,115.0,-50.0,8.15
74,10,120.0,-50.0,8.2
75,10,125.0,-50.0,8.25
76,10,130.0,-50.0,8.3
77,10,135.0,-50.0,8.35
78,10,140.0,-50.0,8.4
79,10,145.0,-50.0,8.45
80,10,150.0,-50.0,8.5
81,10,155.0,-50.0,8.55
82,10,160.0,-50.0,8.6
83,10,165.0,-50.0,8.65
84,10,170.0,-50.0,8.7
85,10,175.0,-50.0,8.75
86,10,180.0,-50.0,8.8
87,10,185.0,-50.0,8.85
88,10,190.0,-50.0,8.9
89,10,195.0,-50.0,8.95
90,10,200.0,-50.0,9.0
91,10,205.0,-50.0,9.05
92,10,210.0,-50.0,9.1
93,10,215.0,-50.0,9.15
94,10,220.0,-50.0,9.2
95,10,225.0,-50.0,9.25
96,10,230.0,-50.0,9.3
97,10,235.0,-50.0,9.35
98,10,240.0,-50.0,9.4
99,10,245.0,-50.0,9.45
100,10,250.0,-50.0,9.5
0,11,-250.0,-45.0,4.5
1,11,-245.0,-45.0,4.55
2,11,-240.0,-45.0,4.6
3,11,-235.0,-45.0,4.65
4,11,-230.0,-45.0,4.7
5,11,-225.0,-45.0,4.75
6,11,-220.0,-45.0,4.8
7,11,-215.0,-45.0,4.85
8,11,-210.0,-45.0,4.9
9,11,-205.0,-45.0,4.95
10,11,-200.0,-45.0,5.0
11,11,-195.0,-45.0,5.05
12,11,-190.0,-45.0,5.1
13,11,-185.0,-45.0,5.15
14,11,-180.0,-45.0,5.2
15,11,-175.0,-45.0,5.25
16,11,-170.0,-45.0,5.3
17,11,-165.0,-45.0,5.35
18,11,-160.0,-45.0,5.4
19,11,-155.0,-45.0,5.45
20,11,-150.0,-45.0,5.5
21,11,-145.0,-45.0,5.55
22,11,-140.0,-45.0,5.6
23,11,-135.0,-45.0,5.65
24,11,-130.0,-45.0,5.7
25,11,-125.0,-45.0,5.75
26,11,-120.0,-45.0,5.8
27,11,-115.0,-45.0,5.85
28,11,-110.0,-45.0,5.9
29,11,-105.0,-45.0,5.95
30,11,-100.0,-45.0,6.0
31,11,-95.0,-45.0,6.05
32,11,-90.0,-45.0,6.1
33,11,-85.0,-45.0,6.15
34,11,-80.0,-45.0,6.2
35,11,-75.0,-45.0,6.25
36,11,-70.0,-45.0,6.3
37,11,-65.0,-45.0,6.35
38,11,-60.0,-45.0,6.4
39,11,-55.0,-45.0,6.45
40,11,-50.0,-45.0,6.5
41,11,-45.0,-45.0,6.55
42,11,-40.0,-45.0,6.6
43,11,-35.0,-45.0,6.65
44,11,-30.0,-45.0,6.7
45,11,-25.0,-45.0,6.75
46,11,-20.0,-45.0,6.8
47,11,-15.0,-45.0,6.85
48,11,-10.0,-45.0,6.9
49,11,-5.0,-45.0,6.95
50,11,0.0,-45.0,7.0
51,11,5.0,-45.0,7.05
52,11,10.0,-45.0,7.1
53,11,15.0,-45.0,7.15
54,11,20.0,-45.0,7.2
55,11,25.0,-45.0,7.25
56,11,30.0,-45.0,7.3
57,11,35.0,-45.0,7.35
58,11,40.0,-45.0,7.4
59,11,45.0,-45.0,7.45
60,11,50.0,-45.0,7.5
61,11,55.0,-45.0,7.55
62,11,60.0,-45.0,7.6
63,11,65.0,-45.0,7.65
64,11,70.0,-45.0,7.7
65,11,75.0,-45.0,7.75
66,11,80.0,-45.0,7.8
67,11,85.0,-45.0,7.85
68,11,90.0,-45.0,7.9
69,11,95.0,-45.0,7.95
70,11,100.0,-45.0,8.0
71,11,105.0,-45.0,8.05
72,11,110.0,-45.0,8.1
73,11,115.0,-45.0,8.15
74,11,120.0,-45.0,8.2
75,11,125.0,-45.0,8.25
76,11,130.0,-45.0,8.3
77,11,135.0,-45.0,8.35
78,11,140.0,-45.0,8.4
79,11,145.0,-45.0,8.45
80,11,150.0,-45.0,8.5
81,11,155.0,-45.0,8.55
82,11,160.0,-45.0,8.6
83,11,165.0,-45.0,8.65
84,11,170.0,-45.0,8.7
85,11,175.0,-45.0,8.75
86,11,180.0,-45.0,8.8
87,11,185.0,-45.0,8.85
88,11,190.0,-45.0,8.9
89,11,195.0,-45.0,8.95
90,11,200.0,-45.0,9.0
91,11,205.0,-45.0,9.05
92,11,210.0,-45.0,9.1
93,11,215.0,-45.0,9.15
94,11,220.0,-45.0,9.2
95,11,225.0,-45.0,9.25
96,11,230.0,-45.0,9.3
97,11,235.0,-45.0,9.35
98,11,240.0,-45.0,9.4
99,11,245.0,-45.0,9.45
100,11,250.0,-45.0,9.5
0,12,-250.0,-40.0,4.5
1,12,-245.0,-40.0,4.55
2,12,-240.0,-40.0,4.6
3,12,-235.0,-40.0,4.65
4,12,-230.0,-40.0,4.7
5,12,-225.0,-40.0,4.75
6,12,-220.0,-40.0,4.8
7,12,-215.0,-40.0,4.85
8,12,-210.0,-40.0,4.9
9,12,-205.0,-40.0,4.95
10,12,-200.0,-40.0,5.0
11,12,-195.0,-40.0,5.05
12,12,-190.0,-40.0,5.1
13,12,-185.0,-40.0,5.15
14,12,-180.0,-40.0,5.2
15,12,-175.0,-40.0,5.25
16,12,-170.0,-40.0,5.3
17,12,-165.0,-40.0,5.35
18,12,-160.0,-40.0,5.4
19,12,-155.0,-40.0,5.45
20,12,-150.0,-40.0,5.5
21,12,-145.0,-40.0,5.55
22,12,-140.0,-40.0,5.6
23,12,-135.0,-40.0,5.65
24,12,-130.0,-40.0,5.7
25,12,-125.0,-40.0,5.75
26,12,-120.0,-40.0,5.8
27,12,-115.0,-40.0,5.85
28,12,-110.0,-40.0,5.9
29,12,-105.0,-40.0,5.95
30,12,-100.0,-40.0,6.0
31,12,-95.0,-40.0,6.05
32,12,-90.0,-40.0,6.1
33,12,-85.0,-40.0,6.15
34,12,-80.0,-40.0,6.2
35,12,-75.0,-40.0,6.25
36,12,-70.0,-40.0,6.3
37,12,-65.0,-40.0,6.35
38,12,-60.0,-40.0,6.4
39,12,-55.0,-40.0,6.45
40,12,-50.0,-40.0,6.5
41,12,-45.0,-40.0,6.55
42,12,-40.0,-40.0,6.6
43,12,-35.0,-40.0,6.65
44,12,-30.0,-40.0,6.7
45,12,-25.0,-40.0,6.75
46,12,-20.0,-40.0,6.8
47,12,-15.0,-40.0,6.85
48,12,-10.0,-40.0,6.9
49,12,-5.0,-40.0,6.95
50,12,0.0,-40.0,7.0
51,12,5.0,-40.0,7.05
52,12,10.0,-40.0,7.1
53,12,15.0,-40.0,7.15
54,12,20.0,-40.0,7.2
55,12,25.0,-40.0,7.25
56,12,30.0,-40.0,7.3
57,12,35.0,-40.0,7.35
58,12,40.0,-40.0,7.4
59,12,45.0,-40.0,7.45
60,12,50.0,-40.0,7.5
61,12,55.0,-40.0,7.55
62,12,60.0,-40.0,7.6
63,12,65.0,-40.0,7.65
64,12,70.0,-40.0,7.7
65,12,75.0,-40.0,7.75
66,12,80.0,-40.0,7.8
67,12,85.0,-40.0,7.85
68,12,90.0,-40.0,7.9
69,12,95.0,-40.0,7.95
70,12,100.0,-40.0,8.0
71,12,105.0,-40.0,8.05
72,12,110.0,-40.0,8.1
73,12,115.0,-40.0,8.15
74,12,120.0,-40.0,8.2
75,12,125.0,-40.0,8.25
76,12,130.0,-40.0,8.3
77,12,135.0,-40.0,8.35
78,12,140.0,-40.0,8.4
79,12,145.0,-40.0,8.45
80,12,150.0,-40.0,8.5
81,12,155.0,-40.0,8.55
82,12,160.0,-40.0,8.6
83,12,165.0,-40.0,8.65
84,12,170.0,-40.0,8.7
85,12,175.0,-40.0,8.75
86,12,180.0,-40.0,8.8
87,12,185.0,-40.0,8.85
88,12,190.0,-40.0,8.9
89,12,195.0,-40.0,8.95
90,12,200.0,-40.0,9.0
91,12,205.0,-40.0,9.05
92,12,210.0,-40.0,9.1
93,12,215.0,-40.0,9.15
94,12,220.0,-40.0,9.2
95,12,225.0,-40.0,9.25
96,12,230.0,-40.0,9.3
97,12,235.0,-40.0,9.35
98,12,240.0,-40.0,9.4
99,12,245.0,-40.0,9.45
100,12,250.0,-40.0,9.5
0,13,-250.0,-35.0,4.5
1,13,-245.0,-35.0,4.55
2,13,-240.0,-35.0,4.6
3,13,-235.0,-35.0,4.65
4,13,-230.0,-35.0,4.7
5,13,-225.0,-35.0,4.75
6,13,-220.0,-35.0,4.8
7,13,-215.0,-35.0,4.85
8,13,-210.0,-35.0,4.9
9,13,-205.0,-35.0,4.95
10,13,-200.0,-35.0,5.0
11,13,-195.0,-35.0,5.05
12,13,-190.0,-35.0,5.1
13,13,-185.0,-35.0,5.15
14,13,-180.0,-35.0,5.2
15,13,-175.0,-35.0,5.25
16,13,-170.0,-35.0,5.3
17,13,-165.0,-35.0,5.35
18,13,-160.0,-35.0,5.4
19,13,-155.0,-35.0,5.45
20,13,-150.0,-35.0,5.5
21,13,-145.0,-35.0,5.55
22,13,-140.0,-35.0,5.6
23,13,-135.0,-35.0,5.65
24,13,-130.0,-35.0,5.7
25,13,-125.0,-35.0,5.75
26,13,-120.0,-35.0,5.8
27,13,-115.0,-35.0,5.85
28,13,-110.0,-35.0,5.9
29,13,-105.0,-35.0,5.95
30,13,-100.0,-35.0,6.0
31,13,-95.0,-35.0,6.05
32,13,-90.0,-35.0,6.1
33,13,-85.0,-35.0,6.15
34,13,-80.0,-35.0,6.2
35,13,-75.0,-35.0,6.25
36,13,-70.0,-35.0,6.3
37,13,-65.0,-35.0,6.35
38,13,-60.0,-35.0,6.4
39,13,-55.0,-35.0,6.45
40,13,-50.0,-35.0,6.5
41,13,-45.0,-35.0,6.55
42,13,-40.0,-35.0,6.6
43,13,-35.0,-35.0,6.65
44,13,-30.0,-35.0,6.7
45,13,-25.0,-35.0,6.75
46,13,-20.0,-35.0,6.8
47,13,-15.0,-35.0,6.85
48,13,-10.0,-35.0,6.9
49,13,-5.0,-35.0,6.95
50,13,0.0,-35.0,7.0
51,13,5.0,-35.0,7.05
52,13,10.0,-35.0,7.1
53,13,15.0,-35.0,7.15
54,13,20.0,-35.0,7.2
55,13,25.0,-35.0,7.25
56,13,30.0,-35.0,7.3
57,13,35.0,-35.0,7.35
58,13,40.0,-35.0,7.4
59,13,45.0,-35.0,7.45
60,13,50.0,-35.0,7.5
61,13,55.0,-35.0,7.55
62,13,60.0,-35.0,7.6
63,13,65.0,-35.0,7.65
64,13,70.0,-35.0,7.7
65,13,75.0,-35.0,7.75
66,13,80.0,-35.0,7.8
67,13,85.0,-35.0,7.85
68,13,90.0,-35.0,7.9
69,13,95.0,-35.0,7.95
70,13,100.0,-35.0,8.0
71,13,105.0,-35.0,8.05
72,13,110.0,-35.0,8.1
73,13,115.0,-35.0,8.15
74,13,120.0,-35.0,8.2
75,13,125.0,-35.0,8.25
76,13,130.0,-35.0,8.3
77,13,135.0,-35.0,8.35
78,13,140.0,-35.0,8.4
79,13,145.0,-35.0,8.45
80,13,150.0,-35.0,8.5
81,13,155.0,-35.0,8.55
82,13,160.0,-35.0,8.6
83,13,165.0,-35.0,8.65
84,13,170.0,-35.0,8.7
85,13,175.0,-35.0,8.75
86,13,180.0,-35.0,8.8
87,13,185.0,-35.0,8.85
88,13,190.0,-35.0,8.9
89,13,195.0,-35.0,8.95
90,13,200.0,-35.0,9.0
91,13,205.0,-35.0,9.05
92,13,210.0,-35.0,9.1
93,13,215.0,-35.0,9.15
94,13,220.0,-35.0,9.2
95,13,225.0,-35.0,9.25
96,13,230.0,-35.0,9.3
97,13,235.0,-35.0,9.35
98,13,240.0,-35.0,9.4
99,13,245.0,-35.0,9.45
100,13,250.0,-35.0,9.5
0,14,-250.0,-30.0,4.5
1,14,-245.0,-30.0,4.55
2,14,-240.0,-30.0,4.6
3,14,-235.0,-30.0,4.65
4,14,-230.0,-30.0,4.7
5,14,-225.0,-30.0,4.75
6,14,-220.0,-30.0,4.8
7,14,-215.0,-30.0,4.85
8,14,-210.0,-30.0,4.9
9,14,-205.0,-30.0,4.95
10,14,-200.0,-30.0,5.0
11,14,-195.0,-30.0,5.05
12,14,-190.0,-30.0,5.1
13,14,-185.0,-30.0,5.15
14,14,-180.0,-30.0,5.2
15,14,-175.0,-30.0,5.25
16,14,-170.0,-30.0,5.3
17,14,-165.0,-30.0,5.35
18,14,-160.0,-30.0,5.4
19,14,-155.0,-30.0,5.45
20,14,-150.0,-30.0,5.5
21,14,-145.0,-30.0,5.55
22,14,-140.0,-30.0,5.6
23,14,-135.0,-30.0,5.65
24,14,-130.0,-30.0,5.7
25,14,-125.0,-30.0,5.75
26,14,-120.0,-30.0,5.8
27,14,-115.0,-30.0,5.85
28,14,-110.0,-30.0,5.9
29,14,-105.0,-30.0,5.95
30,14,-100.0,-30.0,6.0
31,14,-95.0,-30.0,6.05
32,14,-90.0,-30.0,6.1
33,14,-85.0,-30.0,6.15
34,14,-80.0,-30.0,6.2
35,14,-75.0,-30.0,6.25
36,14,-70.0,-30.0,6.3
37,14,-65.0,-30.0,6.35
38,14,-60.0,-30.0,6.4
39,14,-55.0,-30.0,6.45
40,14,-50.0,-30.0,6.5
41,14,-45.0,-30.0,6.55
42,14,-40.0,-30.0,6.6
43,14,-35.0,-30.0,6.65
44,14,-30.0,-30.0,6.7
45,14,-25.0,-30.0,6.75
46,14,-20.0,-30.0,6.8
47,14,-15.0,-30.0,6.85
48,14,-10.0,-30.0,6.9
49,14,-5.0,-30.0,6.95
50,14,0.0,-30.0,7.0
51,14,5.0,-30.0,7.05
52,14,10.0,-30.0,7.1
53,14,15.0,-30.0,7.15
54,14,20.0,-30.0,7.2
55,14,25.0,-30.0,7.25
56,14,30.0,-30.0,7.3
57,14,35.0,-30.0,7.35
58,14,40.0,-30.0,7.4
59,14,45.0,-30.0,7.45
60,14,50.0,-30.0,7.5
61,14,55.0,-30.0,7.55
62,14,60.0,-30.0,7.6
63,14,65.0,-30.0,7.65
64,14,70.0,-30.0,7.7
65,14,75.0,-30.0,7.75
66,14,80.0,-30.0,7.8
67,14,85.0,-30.0,7.85
68,14,90.0,-30.0,7.9
69,14,95.0,-30.0,7.95
70,14,100.0,-30.0,8.0
71,14,105.0,-30.0,8.05
72,14,110.0,-30.0,8.1
73,14,115.0,-30.0,8.15
74,14,120.0,-30.0,8.2
75,14,125.0,-30.0,8.25
76,14,130.0,-30.0,8.3
77,14,135.0,-30.0,8.35
78,14,140.0,-30.0,8.4
79,14,145.0,-30.0,8.45
80,14,150.0,-30.0,8.5
81,14,155.0,-30.0,8.55
82,14,160.0,-30.0,8.6
83,14,165.0,-30.0,8.65
84,14,170.0,-30.0,8.7
85,14,175.0,-30.0,8.75
86,14,180.0,-30.0,8.8
87,14,185.0,-30.0,8.85
88,14,190.0,-30.0,8.9
89,14,195.0,-30.0,8.95
90,14,200.0,-30.0,9.0
91,14,205.0,-30.0,9.05
92,14,210.0,-30.0,9.1
93,14,215.0,-30.0,9.15
94,14,220.0,-30.0,9.2
95,14,225.0,-30.0,9.25
96,14,230.0,-30.0,9.3
97,14,235.0,-30.0,9.35
98,14,240.0,-30.0,9.4
99,14,245.0,-30.0,9.45
100,14,250.0,-30.0,9.5
0,15,-250.0,-25.0,4.5
1,15,-245.0,-25.0,4.55
2,15,-240.0,-25.0,4.6
3,15,-235.0,-25.0,4.65
4,15,-230.0,-25.0,4.7
5,15,-225.0,-25.0,4.75
6,15,-220.0,-25.0,4.8
7,15,-215.0,-25.0,4.85
8,15,-210.0,-25.0,4.9
9,15,-205.0,-25.0,4.95
10,15,-200.0,-25.0,5.0
11,15,-195.0,-25.0,5.05
12,15,-190.0,-25.0,5.1
13,15,-185.0,-25.0,5.15
14,15,-180.0,-25.0,5.2
15,15,-175.0,-25.0,5.25
16,15,-170.0,-25.0,5.3
17,15,-165.0,-25.0,5.35
18,15,-160.0,-25.0,5.4
19,15,-155.0,-25.0,5.45
20,15,-150.0,-25.0,5.5
21,15,-145.0,-25.0,5.55
22,15,-140.0,-25.0,5.6
23,15,-135.0,-25.0,5.65
24,15,-130.0,-25.0,5.7
25,15,-125.0,-25.0,5.75
26,15,-120.0,-25.0,5.8
27,15,-115.0,-25.0,5.85
28,15,-110.0,-25.0,5.9
29,15,-105.0,-25.0,5.95
30,15,-100.0,-25.0,6.0
31,15,-95.0,-25.0,6.05
32,15,-90.0,-25.0,6.1
33,15,-85.0,-25.0,6.15
34,15,-80.0,-25.0,6.2
35,15,-75.0,-25.0,6.25
36,15,-70.0,-25.0,6.3
37,15,-65.0,-25.0,6.35
38,15,-60.0,-25.0,6.4
39,15,-55.0,-25.0,6.45
40,15,-50.0,-25.0,6.5
41,15,-45.0,-25.0,6.55
42,15,-40.0,-25.0,6.6
43,15,-35.0,-25.0,6.65
44,15,-30.0,-25.0,6.7
45,15,-25.0,-25.0,6.75
46,15,-20.0,-25.0,6.8
47,15,-15.0,-25.0,6.85
48,15,-10.0,-25.0,6.9
49,15,-5.0,-25.0,6.95
50,15,0.0,-25.0,7.0
51,15,5.0,-25.0,7.05
52,15,10.0,-25.0,7.1
53,15,15.0,-25.0,7.15
54,15,20.0,-25.0,7.2
55,15,25.0,-25.0,7.25
56,15,30.0,-25.0,7.3
57,15,35.0,-25.0,7.35
58,15,40.0,-25.0,7.4
59,15,45.0,-25.0,7.45
60,15,50.0,-25.0,7.5
61,15,55.0,-25.0,7.55
62,15,60.0,-25.0,7.6
63,15,65.0,-25.0,7.65
64,15,70.0,-25.0,7.7
65,15,75.0,-25.0,7.75
66,15,80.0,-25.0,7.8
67,15,85.0,-25.0,7.85
68,15,90.0,-25.0,7.9
69,15,95.0,-25.0,7.95
70,15,100.0,-25.0,8.0
71,15,105.0,-25.0,8.05
72,15,110.0,-25.0,8.1
73,15,115.0,-25.0,8.15
74,15,120.0,-25.0,8.2
75,15,125.0,-25.0,8.25
76,15,130.0,-25.0,8.3
77,15,135.0,-25.0,8.35
78,15,140.0,-25.0,8.4
79,15,145.0,-25.0,8.45
80,15,150.0,-25.0,8.5
81,15,155.0,-25.0,8.55
82,15,160.0,-25.0,8.6
83,15,165.0,-25.0,8.65
84,15,170.0,-25.0,8.7
85,15,175.0,-25.0,8.75
86,15,180.0,-25.0,8.8
87,15,185.0,-25.0,8.85
88,15,190.0,-25.0,8.9
89,15,195.0,-25.0,8.95
90,15,200.0,-25.0,9.0
91,15,205.0,-25.0,9.05
92,15,210.0,-25.0,9.1
93,15,215.0,-25.0,9.15
94,15,220.0,-25.0,9.2
95,15,225.0,-25.0,9.25
96,15,230.0,-25.0,9.3
97,15,235.0,-25.0,9.35
98,15,240.0,-25.0,9.4
99,15,245.0,-25.0,9.45
100,15,250.0,-25.0,9.5
0,16,-250.0,-20.0,4.5
1,16,-245.0,-20.0,4.55
2,16,-240.0,-20.0,4.6
3,16,-235.0,-20.0,4.65
4,16,-230.0,-20.0,4.7
5,16,-225.0,-20.0,4.75
6,16,-220.0,-20.0,4.8
7,16,-215.0,-20.0,4.85
8,16,-210.0,-20.0,4.9
9,16,-205.0,-20.0,4.95
10,16,-200.0,-20.0,5.0
11,16,-195.0,-20.0,5.05
12,16,-190.0,-20.0,5.1
13,16,-185.0,-20.0,5.15
14,16,-180.0,-20.0,5.2
15,16,-175.0,-20.0,5.25
16,16,-170.0,-20.0,5.3
17,16,-165.0,-20.0,5.35
18,16,-160.0,-20.0,5.4
19,16,-155.0,-20.0,5.45
20,16,-150.0,-20.0,5.5
21,16,-145.0,-20.0,5.55
22,16,-140.0,-20.0,5.6
23,16,-135.0,-20.0,5.65
24,16,-130.0,-20.0,5.7
25,16,-125.0,-20.0,5.75
26,16,-120.0,-20.0,5.8
27,16,-115.0,-20.0,5.85
28,16,-110.0,-20.0,5.9
29,16,-105.0,-20.0,5.95
30,16,-100.0,-20.0,6.0
31,16,-95.0,-20.0,6.05
32,16,-90.0,-20.0,6.1
33,16,-85.0,-20.0,6.15
34,16,-80.0,-20.0,6.2
35,16,-75.0,-20.0,6.25
36,16,-70.0,-20.0,6.3
37,16,-65.0,-20.0,6.35
38,16,-60.0,-20.0,6.4
39,16,-55.0,-20.0,6.45
40,16,-50.0,-20.0,6.5
41,16,-45.0,-20.0,6.55
42,16,-40.0,-20.0,6.6
43,16,-35.0,-20.0,6.65
44,16,-30.0,-20.0,6.7
45,16,-25.0,-20.0,6.75
46,16,-20.0,-20.0,6.8
47,16,-15.0,-20.0,6.85
48,16,-10.0,-20.0,6.9
49,16,-5.0,-20.0,6.95
50,16,0.0,-20.0,7.0
51,16,5.0,-20.0,7.05
52,16,10.0,-20.0,7.1
53,16,15.0,-20.0,7.15
54,16,20.0,-20.0,7.2
55,16,25.0,-20.0,7.25
56,16,30.0,-20.0,7.3
57,16,35.0,-20.0,7.35
58,16,40.0,-20.0,7.4
59,16,45.0,-20.0,7.45
60,16,50.0,-20.0,7.5
61,16,55.0,-20.0,7.55
62,16,60.0,-20.0,7.6
63,16,65.0,-20.0,7.65
64,16,70.0,-20.0,7.7
65,16,75.0,-20.0,7.75
66,16,80.0,-20.0,7.8
67,16,85.0,-20.0,7.85
68,16,90.0,-20.0,7.9
69,16,95.0,-20.0,7.95
70,16,100.0,-20.0,8.0
71,16,105.0,-20.0,8.05
72,16,110.0,-20.0,8.1
73,16,115.0,-20.0,8.15
74,16,120.0,-20.0,8.2
75,16,125.0,-20.0,8.25
76,16,130.0,-20.0,8.3
77,16,135.0,-20.0,8.35
78,16,140.0,-20.0,8.4
79,16,145.0,-20.0,8.45
80,16,150.0,-20.0,8.5
81,16,155.0,-20.0,8.55
82,16,160.0,-20.0,8.6
83,16,165.0,-20.0,8.65
84,16,170.0,-20.0,8.7
85,16,175.0,-20.0,8.75
86,16,180.0,-20.0,8.8
87,16,185.0,-20.0,8.85
88,16,190.0,-20.0,8.9
89,16,195.0,-20.0,8.95
90,16,200.0,-20.0,9.0
91,16,205.0,-20.0,9.05
92,16,210.0,-20.0,9.1
93,16,215.0,-20.0,9.15
94,16,220.0,-20.0,9.2
95,16,225.0,-20.0,9.25
96,16,230.0,-20.0,9.3
97,16,235.0,-20.0,9.35
98,16,240.0,-20.0,9.4
99,16,245.0,-20.0,9.45
100,16,250.0,-20.0,9.5
0,17,-250.0,-15.0,4.5
1,17,-245.0,-15.0,4.55
2,17,-240.0,-15.0,4.6
3,17,-235.0,-15.0,4.65
4,17,-230.0,-15.0,4.7
5,17,-225.0,-15.0,4.75
6,17,-220.0,-15.0,4.8
7,17,-215.0,-15.0,4.85
8,17,-210.0,-15.0,4.9
9,17,-205.0,-15.0,4.95
10,17,-200.0,-15.0,5.0
11,17,-195.0,-15.0,5.05
12,17,-190.0,-15.0,5.1
13,17,-185.0,-15.0,5.15
14,17,-180.0,-15.0,5.2
15,17,-175.0,-15.0,5.25
16,17,-170.0,-15.0,5.3
17,17,-165.0,-15.0,5.35
18,17,-160.0,-15.0,5.4
19,17,-155.0,-15.0,5.45
20,17,-150.0,-15.0,5.5
21,17,-145.0,-15.0,5.55
22,17,-140.0,-15.0,5.6
23,17,-135.0,-15.0,5.65
24,17,-130.0,-15.0,5.7
25,17,-125.0,-15.0,5.75
26,17,-120.0,-15.0,5.8
27,17,-115.0,-15.0,5.85
28,17,-110.0,-15.0,5.9
29,17,-105.0,-15.0,5.95
30,17,-100.0,-15.0,6.0
31,17,-95.0,-15.0,6.05
32,17,-90.0,-15.0,6.1
33,17,-85.0,-15.0,6.15
34,17,-80.0,-15.0,6.2
35,17,-75.0,-15.0,6.25
36,17,-70.0,-15.0,6.3
37,17,-65.0,-15.0,6.35
38,17,-60.0,-15.0,6.4
39,17,-55.0,-15.0,6.45
40,17,-50.0,-15.0,6.5
41,17,-45.0,-15.0,6.55
42,17,-40.0,-15.0,6.6
43,17,-35.0,-15.0,6.65
44,17,-30.0,-15.0,6.7
45,17,-25.0,-15.0,6.75
46,17,-20.0,-15.0,6.8
47,17,-15.0,-15.0,6.85
48,17,-10.0,-15.0,6.9
49,17,-5.0,-15.0,6.95
50,17,0.0,-15.0,7.0
51,17,5.0,-15.0,7.05
52,17,10.0,-15.0,7.1
53,17,15.0,-15.0,7.15
54,17,20.0,-15.0,7.2
55,17,25.0,-15.0,7.25
56,17,30.0,-15.0,7.3
57,17,35.0,-15.0,7.35
58,17,40.0,-15.0,7.4
59,17,45.0,-15.0,7.45
60,17,50.0,-15.0,7.5
61,17,55.0,-15.0,7.55
62,17,60.0,-15.0,7.6
63,17,65.0,-15.0,7.65
64,17,70.0,-15.0,7.7
65,17,75.0,-15.0,7.75
66,17,80.0,-15.0,7.8
67,17,85.0,-15.0,7.85
68,17,90.0,-15.0,7.9
69,17,95.0,-15.0,7.95
70,17,100.0,-15.0,8.0
71,17,105.0,-15.0,8.05
72,17,110.0,-15.0,8.1
73,17,115.0,-15.0,8.15
74,17,120.0,-15.0,8.2
75,17,125.0,-15.0,8.25
76,17,130.0,-15.0,8.3
77,17,135.0,-15.0,8.35
78,17,140.0,-15.0,8.4
79,17,145.0,-15.0,8.45
80,17,150.0,-15.0,8.5
81,17,155.0,-15.0,8.55
82,17,160.0,-15.0,8.6
83,17,165.0,-15.0,8.65
84,17,170.0,-15.0,8.7
85,17,175.0,-15.0,8.75
86,17,180.0,-15.0,8.8
87,17,185.0,-15.0,8.85
88,17,190.0,-15.0,8.9
89,17,195.0,-15.0,8.95
90,17,200.0,-15.0,9.0
91,17,205.0,-15.0,9.05
92,17,210.0,-15.0,9.1
93,17,215.0,-15.0,9.15
94,17,220.0,-15.0,9.2
95,17,225.0,-15.0,9.25
96,17,230.0,-15.0,9.3
97,17,235.0,-15.0,9.35
98,17,240.0,-15.0,9.4
99,17,245.0,-15.0,9.45
100,17,250.0,-15.0,9.5
0,18,-250.0,-10.0,4.5
1,18,-245.0,-10.0,4.55
2,18,-240.0,-10.0,4.6
3,18,-235.0,-10.0,4.65
4,18,-230.0,-10.0,4.7
5,18,-225.0,-10.0,4.75
6,18,-220.0,-10.0,4.8
7,18,-215.0,-10.0,4.85
8,18,-210.0,-10.0,4.9
9,18,-205.0,-10.0,4.95
10,18,-200.0,-10.0,5.0
11,18,-195.0,-10.0,5.05
12,18,-190.0,-10.0,5.1
13,18,-185.0,-10.0,5.15
14,18,-180.0,-10.0,5.2
15,18,-175.0,-10.0,5.25
16,18,-170.0,-10.0,5.3
17,18,-165.0,-10.0,5.35
18,18,-160.0,-10.0,5.4
19,18,-155.0,-10.0,5.45
20,18,-150.0,-10.0,5.5
21,18,-145.0,-10.0,5.55
22,18,-140.0,-10.0,5.6
23,18,-135.0,-10.0,5.65
24,18,-130.0,-10.0,5.7
25,18,-125.0,-10.0,5.75
26,18,-120.0,-10.0,5.8
27,18,-115.0,-10.0,5.85
28,18,-110.0,-10.0,5.9
29,18,-105.0,-10.0,5.95
30,18,-100.0,-10.0,6.0
31,18,-95.0,-10.0,6.05
32,18,-90.0,-10.0,6.1
33,18,-85.0,-10.0,6.15
34,18,-80.0,-10.0,6.2
35,18,-75.0,-10.0,6.25
36,18,-70.0,-10.0,6.3
37,18,-65.0,-10.0,6.35
38,18,-60.0,-10.0,6.4
39,18,-55.0,-10.0,6.45
40,18,-50.0,-10.0,6.5
41,18,-45.0,-10.0,6.55
42,18,-40.0,-10.0,6.6
43,18,-35.0,-10.0,6.65
44,18,-30.0,-10.0,6.7
45,18,-25.0,-10.0,6.75
46,18,-20.0,-10.0,6.8
47,18,-15.0,-10.0,6.85
48,18,-10.0,-10.0,6.9
49,18,-5.0,-10.0,6.95
50,18,0.0,-10.0,7.0
51,18,5.0,-10.0,7.05
52,18,10.0,-10.0,7.1
53,18,15.0,-10.0,7.15
54,18,20.0,-10.0,7.2
55,18,25.0,-10.0,7.25
56,18,30.0,-10.0,7.3
57,18,35.0,-10.0,7.35
58,18,40.0,-10.0,7.4
59,18,45.0,-10.0,7.45
60,18,50.0,-10.0,7.5
61,18,55.0,-10.0,7.55
62,18,60.0,-10.0,7.6
63,18,65.0,-10.0,7.65
64,18,70.0,-10.0,7.7
65,18,75.0,-10.0,7.75
66,18,80.0,-10.0,7.8
67,18,85.0,-10.0,7.85
68,18,90.0,-10.0,7.9
69,18,95.0,-10.0,7.95
70,18,100.0,-10.0,8.0
71,18,105.0,-10.0,8.05
72,18,110.0,-10.0,8.1
73,18,115.0,-10.0,8.15
74,18,120.0,-10.0,8.2
75,18,125.0,-10.0,8.25
76,18,130.0,-10.0,8.3
77,18,135.0,-10.0,8.35
78,18,140.0,-10.0,8.4
79,18,145.0,-10.0,8.45
80,18,150.0,-10.0,8.5
81,18,155.0,-10.0,8.55
82,18,160.0,-10.0,8.6
83,18,165.0,-10.0,8.65
84,18,170.0,-10.0,8.7
85,18,175.0,-10.0,8.75
86,18,180.0,-10.0,8.8
87,18,185.0,-10.0,8.85
88,18,190.0,-10.0,8.9
89,18,195.0,-10.0,8.95
90,18,200.0,-10.0,9.0
91,18,205.0,-10.0,9.05
92,18,210.0,-10.0,9.1
93,18,215.0,-10.0,9.15
94,18,220.0,-10.0,9.2
95,18,225.0,-10.0,9.25
96,18,230.0,-10.0,9.3
97,18,235.0,-10.0,9.35
98,18,240.0,-10.0,9.4
99,18,245.0,-10.0,9.45
100,18,250.0,-10.0,9.5
0,19,-250.0,-5.0,4.5
1,19,-245.0,-5.0,4.55
2,19,-240.0,-5.0,4.6
3,19,-235.0,-5.0,4.65
4,19,-230.0,-5.0,4.7
5,19,-225.0,-5.0,4.75
6,19,-220.0,-5.0,4.8
7,19,-215.0,-5.0,4.85
8,19,-210.0,-5.0,4.9
9,19,-205.0,-5.0,4.95
10,19,-200.0,-5.0,5.0
11,19,-195.0,-5.0,5.05
12,19,-190.0,-5.0,5.1
13,19,-185.0,-5.0,5.15
14,19,-180.0,-5.0,5.2
15,19,-175.0,-5.0,5.25
16,19,-170.0,-5.0,5.3
17,19,-165.0,-5.0,5.35
18,19,-160.0,-5.0,5.4
19,19,-155.0,-5.0,5.45
20,19,-150.0,-5.0,5.5
21,19,-145.0,-5.0,5.55
22,19,-140.0,-5.0,5.6
23,19,-135.0,-5.0,5.65
24,19,-130.0,-5.0,5.7
25,19,-125.0,-5.0,5.75
26,19,-120.0,-5.0,5.8
27,19,-115.0,-5.0,5.85
28,19,-110.0,-5.0,5.9
29,19,-105.0,-5.0,5.95
30,19,-100.0,-5.0,6.0
31,19,-95.0,-5.0,6.05
32,19,-90.0,-5.0,6.1
33,19,-85.0,-5.0,6.15
34,19,-80.0,-5.0,6.2
35,19,-75.0,-5.0,6.25
36,19,-70.0,-5.0,6.3
37,19,-65.0,-5.0,6.35
38,19,-60.0,-5.0,6.4
39,19,-55.0,-5.0,6.45
40,19,-50.0,-5.0,6.5
41,19,-45.0,-5.0,6.55
42,19,-40.0,-5.0,6.6
43,19,-35.0,-5.0,6.65
44,19,-30.0,-5.0,6.7
45,19,-25.0,-5.0,6.75
46,19,-20.0,-5.0,6.8
47,19,-15.0,-5.0,6.85
48,19,-10.0,-5.0,6.9
49,19,-5.0,-5.0,6.95
50,19,0.0,-5.0,7.0
51,19,5.0,-5.0,7.05
52,19,10.0,-5.0,7.1
53,19,15.0,-5.0,7.15
54,19,20.0,-5.0,7.2
55,19,25.0,-5.0,7.25
56,19,30.0,-5.0,7.3
57,19,35.0,-5.0,7.35
58,19,40.0,-5.0,7.4
59,19,45.0,-5.0,7.45
60,19,50.0,-5.0,7.5
61,19,55.0,-5.0,7.55
62,19,60.0,-5.0,7.6
63,19,65.0,-5.0,7.65
64,19,70.0,-5.0,7.7
65,19,75.0,-5.0,7.75
66,19,80.0,-5.0,7.8
67,19,85.0,-5.0,7.85
68,19,90.0,-5.0,7.9
69,19,95.0,-5.0,7.95
70,19,100.0,-5.0,8.0
71,19,105.0,-5.0,8.05
72,19,110.0,-5.0,8.1
73,19,115.0,-5.0,8.15
74,19,120.0,-5.0,8.2
75,19,125.0,-5.0,8.25
76,19,130.0,-5.0,8.3
77,19,135.0,-5.0,8.35
78,19,140.0,-5.0,8.4
79,19,145.0,-5.0,8.45
80,19,150.0,-5.0,8.5
81,19,155.0,-5.0,8.55
82,19,160.0,-5.0,8.6
83,19,165.0,-5.0,8.65
84,19,170.0,-5.0,8.7
85,19,175.0,-5.0,8.75
86,19,180.0,-5.0,8.8
87,19,185.0,-5.0,8.85
88,19,190.0,-5.0,8.9
89,19,195.0,-5.0,8.95
90,19,200.0,-5.0,9.0
91,19,205.0,-5.0,9.05
92,19,210.0,-5.0,9.1
93,19,215.0,-5.0,9.15
94,19,220.0,-5.0,9.2
95,19,225.0,-5.0,9.25
96,19,230.0,-5.0,9.3
97,19,235.0,-5.0,9.35
98,19,240.0,-5.0,9.4
99,19,245.0,-5.0,9.45
100,19,250.0,-5.0,9.5
0,20,-250.0,0.0,4.5
1,20,-245.0,0.0,4.55
2,20,-240.0,0.0,4.6
3,20,-235.0,0.0,4.65
4,20,-230.0,0.0,4.7
5,20,-225.0,0.0,4.75
6,20,-220.0,0.0,4.8
7,20,-215.0,0.0,4.85
8,20,-210.0,0.0,4.9
9,20,-205.0,0.0,4.95
10,20,-200.0,0.0,5.0
11,20,-195.0,0.0,5.05
12,20,-190.0,0.0,5.1
13,20,-185.0,0.0,5.15
14,20,-180.0,0.0,5.2
15,20,-175.0,0.0,5.25
16,20,-170.0,0.0,5.3
17,20,-165.0,0.0,5.35
18,20,-160.0,0.0,5.4
19,20,-155.0,0.0,5.45
20,20,-150.0,0.0,5.5
21,20,-145.0,0.0,5.55
22,20,-140.0,0.0,5.6
23,20,-135.0,0.0,5.65
24,20,-130.0,0.0,5.7
25,20,-125.0,0.0,5.75
26,20,-120.0,0.0,5.8
27,20,-115.0,0.0,5.85
28,20,-110.0,0.0,5.9
29,20,-105.0,0.0,5.95
30,20,-100.0,0.0,6.0
31,20,-95.0,0.0,6.05
32,20,-90.0,0.0,6.1
33,20,-85.0,0.0,6.15
34,20,-80.0,0.0,6.2
35,20,-75.0,0.0,6.25
36,20,-70.0,0.0,6.3
37,20,-65.0,0.0,6.35
38,20,-60.0,0.0,6.4
39,20,-55.0,0.0,6.45
40,20,-50.0,0.0,6.5
41,20,-45.0,0.0,6.55
42,20,-40.0,0.0,6.6
43,20,-35.0,0.0,6.65
44,20,-30.0,0.0,6.7
45,20,-25.0,0.0,6.75
46,20,-20.0,0.0,6.8
47,20,-15.0,0.0,6.85
48,20,-10.0,0.0,6.9
49,20,-5.0,0.0,6.95
50,20,0.0,0.0,7.0
51,20,5.0,0.0,7.05
52,20,10.0,0.0,7.1
53,20,15.0,0.0,7.15
54,20,20.0,0.0,7.2
55,20,25.0,0.0,7.25
56,20,30.0,0.0,7.3
57,20,35.0,0.0,7.35
58,20,40.0,0.0,7.4
59,20,45.0,0.0,7.45
60,20,50.0,0.0,7.5
61,20,55.0,0.0,7.55
62,20,60.0,0.0,7.6
63,20,65.0,0.0,7.65
64,20,70.0,0.0,7.7
65,20,75.0,0.0,7.75
66,20,80.0,0.0,7.8
67,20,85.0,0.0,7.85
68,20,90.0,0.0,7.9
69,20,95.0,0.0,7.95
70,20,100.0,0.0,8.0
71,20,105.0,0.0,8.05
72,20,110.0,0.0,8.1
73,20,115.0,0.0,8.15
74,20,120.0,0.0,8.2
75,20,125.0,0.0,8.25
76,20,130.0,0.0,8.3
77,20,135.0,0.0,8.35
78,20,140.0,0.0,8.4
79,20,145.0,0.0,8.45
80,20,150.0,0.0,8.5
81,20,155.0,0.0,8.55
82,20,160.0,0.0,8.6
83,20,165.0,0.0,8.65
84,20,170.0,0.0,8.7
85,20,175.0,0.0,8.75
86,20,180.0,0.0,8.8
87,20,185.0,0.0,8.85
88,20,190.0,0.0,8.9
89,20,195.0,0.0,8.95
90,20,200.0,0.0,9.0
91,20,205.0,0.0,9.05
92,20,210.0,0.0,9.1
93,20,215.0,0.0,9.15
94,20,220.0,0.0,9.2
95,20,225.0,0.0,9.25
96,20,230.0,0.0,9.3
97,20,235.0,0.0,9.35
98,20,240.0,0.0,9.4
99,20,245.0,0.0,9.45
100,20,250.0,0.0,9.5
0,21,-250.0,5.0,4.5
1,21,-245.0,5.0,4.55
2,21,-240.0,5.0,4.6
3,21,-235.0,5.0,4.65
4,21,-230.0,5.0,4.7
5,21,-225.0,5.0,4.75
6,21,-220.0,5.0,4.8
7,21,-215.0,5.0,4.85
8,21,-210.0,5.0,4.9
9,21,-205.0,5.0,4.95
10,21,-200.0,5.0,5.0
11,21,-195.0,5.0,5.05
12,21,-190.0,5.0,5.1
13,21,-185.0,5.0,5.15
14,21,-180.0,5.0,5.2
15,21,-175.0,5.0,5.25
16,21,-170.0,5.0,5.3
17,21,-165.0,5.0,5.35
18,21,-160.0,5.0,5.4
19,21,-155.0,5.0,5.45
20,21,-150.0,5.0,5.5
21,21,-145.0,5.0,5.55
22,21,-140.0,5.0,5.6
23,21,-135.0,5.0,5.65
24,21,-130.0,5.0,5.7
25,21,-125.0,5.0,5.75
26,21,-120.0,5.0,5.8
27,21,-115.0,5.0,5.85
28,21,-110.0,5.0,5.9
29,21,-105.0,5.0,5.95
30,21,-100.0,5.0,6.0
31,21,-95.0,5.0,6.05
32,21,-90.0,5.0,6.1
33,21,-85.0,5.0,6.15
34,21,-80.0,5.0,6.2
35,21,-75.0,5.0,6.25
36,21,-70.0,5.0,6.3
37,21,-65.0,5.0,6.35
38,21,-60.0,5.0,6.4
39,21,-55.0,5.0,6.45
40,21,-50.0,5.0,6.5
41,21,-45.0,5.0,6.55
42,21,-40.0,5.0,6.6
43,21,-35.0,5.0,6.65
44,21,-30.0,5.0,6.7
45,21,-25.0,5.0,6.75
46,21,-20.0,5.0,6.8
47,21,-15.0,5.0,6.85
48,21,-10.0,5.0,6.9
49,21,-5.0,5.0,6.95
50,21,0.0,5.0,7.0
51,21,5.0,5.0,7.05
52,21,10.0,5.0,7.1
53,21,15.0,5.0,7.15
54,21,20.0,5.0,7.2
55,21,25.0,5.0,7.25
56,21,30.0,5.0,7.3
57,21,35.0,5.0,7.35
58,21,40.0,5.0,7.4
59,21,45.0,5.0,7.45
60,21,50.0,5.0,7.5
61,21,55.0,5.0,7.55
62,21,60.0,5.0,7.6
63,21,65.0,5.0,7.65
64,21,70.0,5.0,7.7
65,21,75.0,5.0,7.75
66,21,80.0,5.0,7.8
67,21,85.0,5.0,7.85
68,21,90.0,5.0,7.9
69,21,95.0,5.0,7.95
70,21,100.0,5.0,8.0
71,21,105.0,5.0,8.05
72,21,110.0,5.0,8.1
73,21,115.0,5.0,8.15
74,21,120.0,5.0,8.2
75,21,125.0,5.0,8.25
76,21,130.0,5.0,8.3
77,21,135.0,5.0,8.35
78,21,140.0,5.0,8.4
79,21,145.0,5.0,8.45
80,21,150.0,5.0,8.5
81,21,155.0,5.0,8.55
82,21,160.0,5.0,8.6
83,21,165.0,5.0,8.65
84,21,170.0,5.0,8.7
85,21,175.0,5.0,8.75
86,21,180.0,5.0,8.8
87,21,185.0,5.0,8.85
88,21,190.0,5.0,8.9
89,21,195.0,5.0,8.95
90,21,200.0,5.0,9.0
91,21,205.0,5.0,9.05
92,21,210.0,5.0,9.1
93,21,215.0,5.0,9.15
94,21,220.0,5.0,9.2
95,21,225.0,5.0,9.25
96,21,230.0,5.0,9.3
97,21,235.0,5.0,9.35
98,21,240.0,5.0,9.4
99,21,245.0,5.0,9.45
100,21,250.0,5.0,9.5
0,22,-250.0,10.0,4.5
1,22,-245.0,10.0,4.55
2,22,-240.0,10.0,4.6
3,22,-235.0,10.0,4.65
4,22,-230.0,10.0,4.7
5,22,-225.0,10.0,4.75
6,22,-220.0,10.0,4.8
7,22,-215.0,10.0,4.85
8,22,-210.0,10.0,4.9
9,22,-205.0,10.0,4.95
10,22,-200.0,10.0,5.0
11,22,-195.0,10.0,5.05
12,22,-190.0,10.0,5.1
13,22,-185.0,10.0,5.15
14,22,-180.0,10.0,5.2
15,22,-175.0,10.0,5.25
16,22,-170.0,10.0,5.3
17,22,-165.0,10.0,5.35
18,22,-160.0,10.0,5.4
19,22,-155.0,10.0,5.45
20,22,-150.0,10.0,5.5
21,22,-145.0,10.0,5.55
22,22,-140.0,10.0,5.6
23,22,-135.0,10.0,5.65
24,22,-130.0,10.0,5.7
25,22,-125.0,10.0,5.75
26,22,-120.0,10.0,5.8
27,22,-115.0,10.0,5.85
28,22,-110.0,10.0,5.9
29,22,-105.0,10.0,5.95
30,22,-100.0,10.0,6.0
31,22,-95.0,10.0,6.05
32,22,-90.0,10.0,6.1
33,22,-85.0,10.0,6.15
34,22,-80.0,10.0,6.2
35,22,-75.0,10.0,6.25
36,22,-70.0,10.0,6.3
37,22,-65.0,10.0,6.35
38,22,-60.0,10.0,6.4
39,22,-55.0,10.0,6.45
40,22,-50.0,10.0,6.5
41,22,-45.0,10.0,6.55
42,22,-40.0,10.0,6.6
43,22,-35.0,10.0,6.65
44,22,-30.0,10.0,6.7
45,22,-25.0,10.0,6.75
46,22,-20.0,10.0,6.8
47,22,-15.0,10.0,6.85
48,22,-10.0,10.0,6.9
49,22,-5.0,10.0,6.95
50,22,0.0,10.0,7.0
51,22,5.0,10.0,7.05
52,22,10.0,10.0,7.1
53,22,15.0,10.0,7.15
54,22,20.0,10.0,7.2
55,22,25.0,10.0,7.25
56,22,30.0,10.0,7.3
57,22,35.0,10.0,7.35
58,22,40.0,10.0,7.4
59,22,45.0,10.0,7.45
60,22,50.0,10.0,7.5
61,22,55.0,10.0,7.55
62,22,60.0,10.0,7.6
63,22,65.0,10.0,7.65
64,22,70.0,10.0,7.7
65,22,75.0,10.0,7.75
66,22,80.0,10.0,7.8
67,22,85.0,10.0,7.85
68,22,90.0,10.0,7.9
69,22,95.0,10.0,7.95
70,22,100.0,10.0,8.0
71,22,105.0,10.0,8.05
72,22,110.0,10.0,8.1
73,22,115.0,10.0,8.15
74,22,120.0,10.0,8.2
75,22,125.0,10.0,8.25
76,22,130.0,10.0,8.3
77,22,135.0,10.0,8.35
78,22,140.0,10.0,8.4
79,22,145.0,10.0,8.45
80,22,150.0,10.0,8.5
81,22,155.0,10.0,8.55
82,22,160.0,10.0,8.6
83,22,165.0,10.0,8.65
84,22,170.0,10.0,8.7
85,22,175.0,10.0,8.75
86,22,180.0,10.0,8.8
87,22,185.0,10.0,8.85
88,22,190.0,10.0,8.9
89,22,195.0,10.0,8.95
90,22,200.0,10.0,9.0
91,22,205.0,10.0,9.05
92,22,210.0,10.0,9.1
93,22,215.0,10.0,9.15
94,22,220.0,10.0,9.2
95,22,225.0,10.0,9.25
96,22,230.0,10.0,9.3
97,22,235.0,10.0,9.35
98,22,240.0,10.0,9.4
99,22,245.0,10.0,9.45
100,22,250.0,10.0,9.5
0,23,-250.0,15.0,4.5
1,23,-245.0,15.0,4.55
2,23,-240.0,15.0,4.6
3,23,-235.0,15.0,4.65
4,23,-230.0,15.0,4.7
5,23,-225.0,15.0,4.75
6,23,-220.0,15.0,4.8
7,23,-215.0,15.0,4.85
8,23,-210.0,15.0,4.9
9,23,-205.0,15.0,4.95
10,23,-200.0,15.0,5.0
11,23,-195.0,15.0,5.05
12,23,-190.0,15.0,5.1
13,23,-185.0,15.0,5.15
14,23,-180.0,15.0,5.2
15,23,-175.0,15.0,5.25
16,23,-170.0,15.0,5.3
17,23,-165.0,15.0,5.35
18,23,-160.0,15.0,5.4
19,23,-155.0,15.0,5.45
20,23,-150.0,15.0,5.5
21,23,-145.0,15.0,5.55
22,23,-140.0,15.0,5.6
23,23,-135.0,15.0,5.65
24,23,-130.0,15.0,5.7
25,23,-125.0,15.0,5.75
26,23,-120.0,15.0,5.8
27,23,-115.0,15.0,5.85
28,23,-110.0,15.0,5.9
29,23,-105.0,15.0,5.95
30,23,-100.0,15.0,6.0
31,23,-95.0,15.0,6.05
32,23,-90.0,15.0,6.1
33,23,-85.0,15.0,6.15
34,23,-80.0,15.0,6.2
35,23,-75.0,15.0,6.25
36,23,-70.0,15.0,6.3
37,23,-65.0,15.0,6.35
38,23,-60.0,15.0,6.4
39,23,-55.0,15.0,6.45
40,23,-50.0,15.0,6.5
41,23,-45.0,15.0,6.55
42,23,-40.0,15.0,6.6
43,23,-35.0,15.0,6.65
44,23,-30.0,15.0,6.7
45,23,-25.0,15.0,6.75
46,23,-20.0,15.0,6.8
47,23,-15.0,15.0,6.85
48,23,-10.0,15.0,6.9
49,23,-5.0,15.0,6.95
50,23,0.0,15.0,7.0
51,23,5.0,15.0,7.05
52,23,10.0,15.0,7.1
53,23,15.0,15.0,7.15
54,23,20.0,15.0,7.2
55,23,25.0,15.0,7.25
56,23,30.0,15.0,7.3
57,23,35.0,15.0,7.35
58,23,40.0,15.0,7.4
59,23,45.0,15.0,7.45
60,23,50.0,15.0,7.5
61,23,55.0,15.0,7.55
62,23,60.0,15.0,7.6
63,23,65.0,15.0,7.65
64,23,70.0,15.0,7.7
65,23,75.0,15.0,7.75
66,23,80.0,15.0,7.8
67,23,85.0,15.0,7.85
68,23,90.0,15.0,7.9
69,23,95.0,15.0,7.95
70,23,100.0,15.0,8.0
71,23,105.0,15.0,8.05
72,23,110.0,15.0,8.1
73,23,115.0,15.0,8.15
74,23,120.0,15.0,8.2
75,23,125.0,15.0,8.25
76,23,130.0,15.0,8.3
77,23,135.0,15.0,8.35
78,23,140.0,15.0,8.4
79,23,145.0,15.0,8.45
80,23,150.0,15.0,8.5
81,23,155.0,15.0,8.55
82,23,160.0,15.0,8.6
83,23,165.0,15.0,8.65
84,23,170.0,15.0,8.7
85,23,175.0,15.0,8.75
86,23,180.0,15.0,8.8
87,23,185.0,15.0,8.85
88,23,190.0,15.0,8.9
89,23,195.0,15.0,8.95
90,23,200.0,15.0,9.0
91,23,205.0,15.0,9.05
92,23,210.0,15.0,9.1
93,23,215.0,15.0,9.15
94,23,220.0,15.0,9.2
95,23,225.0,15.0,9.25
96,23,230.0,15.0,9.3
97,23,235.0,15.0,9.35
98,23,240.0,15.0,9.4
99,23,245.0,15.0,9.45
100,23,250.0,15.0,9.5
0,24,-250.0,20.0,4.5
1,24,-245.0,20.0,4.55
2,24,-240.0,20.0,4.6
3,24,-235.0,20.0,4.65
4,24,-230.0,20.0,4.7
5,24,-225.0,20.0,4.75
6,24,-220.0,20.0,4.8
7,24,-215.0,20.0,4.85
8,24,-210.0,20.0,4.9
9,24,-205.0,20.0,4.95
10,24,-200.0,20.0,5.0
11,24,-195.0,20.0,5.05
12,24,-190.0,20.0,5.1
13,24,-185.0,20.0,5.15
14,24,-180.0,20.0,5.2
15,24,-175.0,20.0,5.25
16,24,-170.0,20.0,5.3
17,24,-165.0,20.0,5.35
18,24,-160.0,20.0,5.4
19,24,-155.0,20.0,5.45
20,24,-150.0,20.0,5.5
21,24,-145.0,20.0,5.55
22,24,-140.0,20.0,5.6
23,24,-135.0,20.0,5.65
24,24,-130.0,20.0,5.7
25,24,-125.0,20.0,5.75
26,24,-120.0,20.0,5.8
27,24,-115.0,20.0,5.85
28,24,-110.0,20.0,5.9
29,24,-105.0,20.0,5.95
30,24,-100.0,20.0,6.0
31,24,-95.0,20.0,6.05
32,24,-90.0,20.0,6.1
33,24,-85.0,20.0,6.15
34,24,-80.0,20.0,6.2
35,24,-75.0,20.0,6.25
36,24,-70.0,20.0,6.3
37,24,-65.0,20.0,6.35
38,24,-60.0,20.0,6.4
39,24,-55.0,20.0,6.45
40,24,-50.0,20.0,6.5
41,24,-45.0,20.0,6.55
42,24,-40.0,20.0,6.6
43,24,-35.0,20.0,6.65
44,24,-30.0,20.0,6.7
45,24,-25.0,20.0,6.75
46,24,-20.0,20.0,6.8
47,24,-15.0,20.0,6.85
48,24,-10.0,20.0,6.9
49,24,-5.0,20.0,6.95
50,24,0.0,20.0,7.0
51,24,5.0,20.0,7.05
52,24,10.0,20.0,7.1
53,24,15.0,20.0,7.15
54,24,20.0,20.0,7.2
55,24,25.0,20.0,7.25
56,24,30.0,20.0,7.3
57,24,35.0,20.0,7.35
58,24,40.0,20.0,7.4
59,24,45.0,20.0,7.45
60,24,50.0,20.0,7.5
61,24,55.0,20.0,7.55
62,24,60.0,20.0,7.6
63,24,65.0,20.0,7.65
64,24,70.0,20.0,7.7
65,24,75.0,20.0,7.75
66,24,80.0,20.0,7.8
67,24,85.0,20.0,7.85
68,24,90.0,20.0,7.9
69,24,95.0,20.0,7.95
70,24,100.0,20.0,8.0
71,24,105.0,20.0,8.05
72,24,110.0,20.0,8.1
73,24,115.0,20.0,8.15
74,24,120.0,20.0,8.2
75,24,125.0,20.0,8.25
76,24,130.0,20.0,8.3
77,24,135.0,20.0,8.35
78,24,140.0,20.0,8.4
79,24,145.0,20.0,8.45
80,24,150.0,20.0,8.5
81,24,155.0,20.0,8.55
82,24,160.0,20.0,8.6
83,24,165.0,20.0,8.65
84,24,170.0,20.0,8.7
85,24,175.0,20.0,8.75
86,24,180.0,20.0,8.8
87,24,185.0,20.0,8.85
88,24,190.0,20.0,8.9
89,24,195.0,20.0,8.95
90,24,200.0,20.0,9.0
91,24,205.0,20.0,9.05
92,24,210.0,20.0,9.1
93,24,215.0,20.0,9.15
94,24,220.0,20.0,9.2
95,24,225.0,20.0,9.25
96,24,230.0,20.0,9.3
97,24,235.0,20.0,9.35
98,24,240.0,20.0,9.4
99,24,245.0,20.0,9.45
100,24,250.0,20.0,9.5
0,25,-250.0,25.0,4.5
1,25,-245.0,25.0,4.55
2,25,-240.0,25.0,4.6
3,25,-235.0,25.0,4.65
4,25,-230.0,25.0,4.7
5,25,-225.0,25.0,4.75
6,25,-220.0,25.0,4.8
7,25,-215.0,25.0,4.85
8,25,-210.0,25.0,4.9
9,25,-205.0,25.0,4.95
10,25,-200.0,25.0,5.0
11,25,-195.0,25.0,5.05
12,25,-190.0,25.0,5.1
13,25,-185.0,25.0,5.15
14,25,-180.0,25.0,5.2
15,25,-175.0,25.0,5.25
16,25,-170.0,25.0,5.3
17,25,-165.0,25.0,5.35
18,25,-160.0,25.0,5.4
19,25,-155.0,25.0,5.45
20,25,-150.0,25.0,5.5
21,25,-145.0,25.0,5.55
22,25,-140.0,25.0,5.6
23,25,-135.0,25.0,5.65
24,25,-130.0,25.0,5.7
25,25,-125.0,25.0,5.75
26,25,-120.0,25.0,5.8
27,25,-115.0,25.0,5.85
28,25,-110.0,25.0,5.9
29,25,-105.0,25.0,5.95
30,25,-100.0,25.0,6.0
31,25,-95.0,25.0,6.05
32,25,-90.0,25.0,6.1
33,25,-85.0,25.0,6.15
34,25,-80.0,25.0,6.2
35,25,-75.0,25.0,6.25
36,25,-70.0,25.0,6.3
37,25,-65.0,25.0,6.35
38,25,-60.0,25.0,6.4
39,25,-55.0,25.0,6.45
40,25,-50.0,25.0,6.5
41,25,-45.0,25.0,6.55
42,25,-40.0,25.0,6.6
43,25,-35.0,25.0,6.65
44,25,-30.0,25.0,6.7
45,25,-25.0,25.0,6.75
46,25,-20.0,25.0,6.8
47,25,-15.0,25.0,6.85
48,25,-10.0,25.0,6.9
49,25,-5.0,25.0,6.95
50,25,0.0,25.0,7.0
51,25,5.0,25.0,7.05
52,25,10.0,25.0,7.1
53,25,15.0,25.0,7.15
54,25,20.0,25.0,7.2
55,25,25.0,25.0,7.25
56,25,30.0,25.0,7.3
57,25,35.0,25.0,7.35
58,25,40.0,25.0,7.4
59,25,45.0,25.0,7.45
60,25,50.0,25.0,7.5
61,25,55.0,25.0,7.55
62,25,60.0,25.0,7.6
63,25,65.0,25.0,7.65
64,25,70.0,25.0,7.7
65,25,75.0,25.0,7.75
66,25,80.0,25.0,7.8
67,25,85.0,25.0,7.85
68,25,90.0,25.0,7.9
69,25,95.0,25.0,7.95
70,25,100.0,25.0,8.0
71,25,105.0,25.0,8.05
72,25,110.0,25.0,8.1
73,25,115.0,25.0,8.15
74,25,120.0,25.0,8.2
75,25,125.0,25.0,8.25
76,25,130.0,25.0,8.3
77,25,135.0,25.0,8.35
78,25,140.0,25.0,8.4
79,25,145.0,25.0,8.45
80,25,150.0,25.0,8.5
81,25,155.0,25.0,8.55
82,25,160.0,25.0,8.6
83,25,165.0,25.0,8.65
84,25,170.0,25.0,8.7
85,25,175.0,25.0,8.75
86,25,180.0,25.0,8.8
87,25,185.0,25.0,8.85
88,25,190.0,25.0,8.9
89,25,195.0,25.0,8.95
90,25,200.0,25.0,9.0
91,25,205.0,25.0,9.05
92,25,210.0,25.0,9.1
93,25,215.0,25.0,9.15
94,25,220.0,25.0,9.2
95,25,225.0,25.0,9.25
96,25,230.0,25.0,9.3
97,25,235.0,25.0,9.35
98,25,240.0,25.0,9.4
99,25,245.0,25.0,9.45
100,25,250.0,25.0,9.5
0,26,-250.0,30.0,4.5
1,26,-245.0,30.0,4.55
2,26,-240.0,30.0,4.6
3,26,-235.0,30.0,4.65
4,26,-230.0,30.0,4.7
5,26,-225.0,30.0,4.75
6,26,-220.0,30.0,4.8
7,26,-215.0,30.0,4.85
8,26,-210.0,30.0,4.9
9,26,-205.0,30.0,4.95
10,26,-200.0,30.0,5.0
11,26,-195.0,30.0,5.05
12,26,-190.0,30.0,5.1
13,26,-185.0,30.0,5.15
14,26,-180.0,30.0,5.2
15,26,-175.0,30.0,5.25
16,26,-170.0,30.0,5.3
17,26,-165.0,30.0,5.35
18,26,-160.0,30.0,5.4
19,26,-155.0,30.0,5.45
20,26,-150.0,30.0,5.5
21,26,-145.0,30.0,5.55
22,26,-140.0,30.0,5.6
23,26,-135.0,30.0,5.65
24,26,-130.0,30.0,5.7
25,26,-125.0,30.0,5.75
26,26,-120.0,30.0,5.8
27,26,-115.0,30.0,5.85
28,26,-110.0,30.0,5.9
29,26,-105.0,30.0,5.95
30,26,-100.0,30.0,6.0
31,26,-95.0,30.0,6.05
32,26,-90.0,30.0,6.1
33,26,-85.0,30.0,6.15
34,26,-80.0,30.0,6.2
35,26,-75.0,30.0,6.25
36,26,-70.0,30.0,6.3
37,26,-65.0,30.0,6.35
38,26,-60.0,30.0,6.4
39,26,-55.0,30.0,6.45
40,26,-50.0,30.0,6.5
41,26,-45.0,30.0,6.55
42,26,-40.0,30.0,6.6
43,26,-35.0,30.0,6.65
44,26,-30.0,30.0,6.7
45,26,-25.0,30.0,6.75
46,26,-20.0,30.0,6.8
47,26,-15.0,30.0,6.85
48,26,-10.0,30.0,6.9
49,26,-5.0,30.0,6.95
50,26,0.0,30.0,7.0
51,26,5.0,30.0,7.05
52,26,10.0,30.0,7.1
53,26,15.0,30.0,7.15
54,26,20.0,30.0,7.2
55,26,25.0,30.0,7.25
56,26,30.0,30.0,7.3
57,26,35.0,30.0,7.35
58,26,40.0,30.0,7.4
59,26,45.0,30.0,7.45
60,26,50.0,30.0,7.5
61,26,55.0,30.0,7.55
62,26,60.0,30.0,7.6
63,26,65.0,30.0,7.65
64,26,70.0,30.0,7.7
65,26,75.0,30.0,7.75
66,26,80.0,30.0,7.8
67,26,85.0,30.0,7.85
68,26,90.0,30.0,7.9
69,26,95.0,30.0,7.95
70,26,100.0,30.0,8.0
71,26,105.0,30.0,8.05
72,26,110.0,30.0,8.1
73,26,115.0,30.0,8.15
74,26,120.0,30.0,8.2
75,26,125.0,30.0,8.25
76,26,130.0,30.0,8.3
77,26,135.0,30.0,8.35
78,26,140.0,30.0,8.4
79,26,145.0,30.0,8.45
80,26,150.0,30.0,8.5
81,26,155.0,30.0,8.55
82,26,160.0,30.0,8.6
83,26,165.0,30.0,8.65
84,26,170.0,30.0,8.7
85,26,175.0,30.0,8.75
86,26,180.0,30.0,8.8
87,26,185.0,30.0,8.85
88,26,190.0,30.0,8.9
89,26,195.0,30.0,8.95
90,26,200.0,30.0,9.0
91,26,205.0,30.0,9.05
92,26,210.0,30.0,9.1
93,26,215.0,30.0,9.15
94,26,220.0,30.0,9.2
95,26,225.0,30.0,9.25
96,26,230.0,30.0,9.3
97,26,235.0,30.0,9.35
98,26,240.0,30.0,9.4
99,26,245.0,30.0,9.45
100,26,250.0,30.0,9.5
0,27,-250.0,35.0,4.5
1,27,-245.0,35.0,4.55
2,27,-240.0,35.0,4.6
3,27,-235.0,35.0,4.65
4,27,-230.0,35.0,4.7
5,27,-225.0,35.0,4.75
6,27,-220.0,35.0,4.8
7,27,-215.0,35.0,4.85
8,27,-210.0,35.0,4.9
9,27,-205.0,35.0,4.95
10,27,-200.0,35.0,5.0
11,27,-195.0,35.0,5.05
12,27,-190.0,35.0,5.1
13,27,-185.0,35.0,5.15
14,27,-180.0,35.0,5.2
15,27,-175.0,35.0,5.25
16,27,-170.0,35.0,5.3
17,27,-165.0,35.0,5.35
18,27,-160.0,35.0,5.4
19,27,-155.0,35.0,5.45
20,27,-150.0,35.0,5.5
21,27,-145.0,35.0,5.55
22,27,-140.0,35.0,5.6
23,27,-135.0,35.0,5.65
24,27,-130.0,35.0,5.7
25,27,-125.0,35.0,5.75
26,27,-120.0,35.0,5.8
27,27,-115.0,35.0,5.85
28,27,-110.0,35.0,5.9
29,27,-105.0,35.0,5.95
30,27,-100.0,35.0,6.0
31,27,-95.0,35.0,6.05
32,27,-90.0,35.0,6.1
33,27,-85.0,35.0,6.15
34,27,-80.0,35.0,6.2
35,27,-75.0,35.0,6.25
36,27,-70.0,35.0,6.3
37,27,-65.0,35.0,6.35
38,27,-60.0,35.0,6.4
39,27,-55.0,35.0,6.45
40,27,-50.0,35.0,6.5
41,27,-45.0,35.0,6.55
42,27,-40.0,35.0,6.6
43,27,-35.0,35.0,6.65
44,27,-30.0,35.0,6.7
45,27,-25.0,35.0,6.75
46,27,-20.0,35.0,6.8
47,27,-15.0,35.0,6.85
48,27,-10.0,35.0,6.9
49,27,-5.0,35.0,6.95
50,27,0.0,35.0,7.0
51,27,5.0,35.0,7.05
52,27,10.0,35.0,7.1
53,27,15.0,35.0,7.15
54,27,20.0,35.0,7.2
55,27,25.0,35.0,7.25
56,27,30.0,35.0,7.3
57,27,35.0,35.0,7.35
58,27,40.0,35.0,7.4
59,27,45.0,35.0,7.45
60,27,50.0,35.0,7.5
61,27,55.0,35.0,7.55
62,27,60.0,35.0,7.6
63,27,65.0,35.0,7.65
64,27,70.0,35.0,7.7
65,27,75.0,35.0,7.75
66,27,80.0,35.0,7.8
67,27,85.0,35.0,7.85
68,27,90.0,35.0,7.9
69,27,95.0,35.0,7.95
70,27,100.0,35.0,8.0
71,27,105.0,35.0,8.05
72,27,110.0,35.0,8.1
73,27,115.0,35.0,8.15
74,27,120.0,35.0,8.2
75,27,125.0,35.0,8.25
76,27,130.0,35.0,8.3
77,27,135.0,35.0,8.35
78,27,140.0,35.0,8.4
79,27,145.0,35.0,8.45
80,27,150.0,35.0,8.5
81,27,155.0,35.0,8.55
82,27,160.0,35.0,8.6
83,27,165.0,35.0,8.65
84,27,170.0,35.0,8.7
85,27,175.0,35.0,8.75
86,27,180.0,35.0,8.8
87,27,185.0,35.0,8.85
88,27,190.0,35.0,8.9
89,27,195.0,35.0,8.95
90,27,200.0,35.0,9.0
91,27,205.0,35.0,9.05
92,27,210.0,35.0,9.1
93,27,215.0,35.0,9.15
94,27,220.0,35.0,9.2
95,27,225.0,35.0,9.25
96,27,230.0,35.0,9.3
97,27,235.0,35.0,9.35
98,27,240.0,35.0,9.4
99,27,245.0,35.0,9.45
100,27,250.0,35.0,9.5
0,28,-250.0,40.0,4.5
1,28,-245.0,40.0,4.55
2,28,-240.0,40.0,4.6
3,28,-235.0,40.0,4.65
4,28,-230.0,40.0,4.7
5,28,-225.0,40.0,4.75
6,28,-220.0,40.0,4.8
7,28,-215.0,40.0,4.85
8,28,-210.0,40.0,4.9
9,28,-205.0,40.0,4.95
10,28,-200.0,40.0,5.0
11,28,-195.0,40.0,5.05
12,28,-190.0,40.0,5.1
13,28,-185.0,40.0,5.15
14,28,-180.0,40.0,5.2
15,28,-175.0,40.0,5.25
16,28,-170.0,40.0,5.3
17,28,-165.0,40.0,5.35
18,28,-160.0,40.0,5.4
19,28,-155.0,40.0,5.45
20,28,-150.0,40.0,5.5
21,28,-145.0,40.0,5.55
22,28,-140.0,40.0,5.6
23,28,-135.0,40.0,5.65
24,28,-130.0,40.0,5.7
25,28,-125.0,40.0,5.75
26,28,-120.0,40.0,5.8
27,28,-115.0,40.0,5.85
28,28,-110.0,40.0,5.9
29,28,-105.0,40.0,5.95
30,28,-100.0,40.0,6.0
31,28,-95.0,40.0,6.05
32,28,-90.0,40.0,6.1
33,28,-85.0,40.0,6.15
34,28,-80.0,40.0,6.2
35,28,-75.0,40.0,6.25
36,28,-70.0,40.0,6.3
37,28,-65.0,40.0,6.35
38,28,-60.0,40.0,6.4
39,28,-55.0,40.0,6.45
40,28,-50.0,40.0,6.5
41,28,-45.0,40.0,6.55
42,28,-40.0,40.0,6.6
43,28,-35.0,40.0,6.65
44,28,-30.0,40.0,6.7
45,28,-25.0,40.0,6.75
46,28,-20.0,40.0,6.8
47,28,-15.0,40.0,6.85
48,28,-10.0,40.0,6.9
49,28,-5.0,40.0,6.95
50,28,0.0,40.0,7.0
51,28,5.0,40.0,7.05
52,28,10.0,40.0,7.1
53,28,15.0,40.0,7.15
54,28,20.0,40.0,7.2
55,28,25.0,40.0,7.25
56,28,30.0,40.0,7.3
57,28,35.0,40.0,7.35
58,28,40.0,40.0,7.4
59,28,45.0,40.0,7.45
60,28,50.0,40.0,7.5
61,28,55.0,40.0,7.55
62,28,60.0,40.0,7.6
63,28,65.0,40.0,7.65
64,28,70.0,40.0,7.7
65,28,75.0,40.0,7.75
66,28,80.0,40.0,7.8
67,28,85.0,40.0,7.85
68,28,90.0,40.0,7.9
69,28,95.0,40.0,7.95
70,28,100.0,40.0,8.0
71,28,105.0,40.0,8.05
72,28,110.0,40.0,8.1
73,28,115.0,40.0,8.15
74,28,120.0,40.0,8.2
75,28,125.0,40.0,8.25
76,28,130.0,40.0,8.3
77,28,135.0,40.0,8.35
78,28,140.0,40.0,8.4
79,28,145.0,40.0,8.45
80,28,150.0,40.0,8.5
81,28,155.0,40.0,8.55
82,28,160.0,40.0,8.6
83,28,165.0,40.0,8.65
84,28,170.0,40.0,8.7
85,28,175.0,40.0,8.75
86,28,180.0,40.0,8.8
87,28,185.0,40.0,8.85
88,28,190.0,40.0,8.9
89,28,195.0,40.0,8.95
90,28,200.0,40.0,9.0
91,28,205.0,40.0,9.05
92,28,210.0,40.0,9.1
93,28,215.0,40.0,9.15
94,28,220.0,40.0,9.2
95,28,225.0,40.0,9.25
96,28,230.0,40.0,9.3
97,28,235.0,40.0,9.35
98,28,240.0,40.0,9.4
99,28,245.0,40.0,9.45
100,28,250.0,40.0,9.5
0,29,-250.0,45.0,4.5
1,29,-245.0,45.0,4.55
2,29,-240.0,45.0,4.6
3,29,-235.0,45.0,4.65
4,29,-230.0,45.0,4.7
5,29,-225.0,45.0,4.75
6,29,-220.0,45.0,4.8
7,29,-215.0,45.0,4.85
8,29,-210.0,45.0,4.9
9,29,-205.0,45.0,4.95
10,29,-200.0,45.0,5.0
11,29,-195.0,45.0,5.05
12,29,-190.0,45.0,5.1
13,29,-185.0,45.0,5.15
14,29,-180.0,45.0,5.2
15,29,-175.0,45.0,5.25
16,29,-170.0,45.0,5.3
17,29,-165.0,45.0,5.35
18,29,-160.0,45.0,5.4
19,29,-155.0,45.0,5.45
20,29,-150.0,45.0,5.5
21,29,-145.0,45.0,5.55
22,29,-140.0,45.0,5.6
23,29,-135.0,45.0,5.65
24,29,-130.0,45.0,5.7
25,29,-125.0,45.0,5.75
26,29,-120.0,45.0,5.8
27,29,-115.0,45.0,5.85
28,29,-110.0,45.0,5.9
29,29,-105.0,45.0,5.95
30,29,-100.0,45.0,6.0
31,29,-95.0,45.0,6.05
32,29,-90.0,45.0,6.1
33,29,-85.0,45.0,6.15
34,29,-80.0,45.0,6.2
35,29,-75.0,45.0,6.25
36,29,-70.0,45.0,6.3
37,29,-65.0,45.0,6.35
38,29,-60.0,45.0,6.4
39,29,-55.0,45.0,6.45
40,29,-50.0,45.0,6.5
41,29,-45.0,45.0,6.55
42,29,-40.0,45.0,6.6
43,29,-35.0,45.0,6.65
44,29,-30.0,45.0,6.7
45,29,-25.0,45.0,6.75
46,29,-20.0,45.0,6.8
47,29,-15.0,45.0,6.85
48,29,-10.0,45.0,6.9
49,29,-5.0,45.0,6.95
50,29,0.0,45.0,7.0
51,29,5.0,45.0,7.05
52,29,10.0,45.0,7.1
53,29,15.0,45.0,7.15
54,29,20.0,45.0,7.2
55,29,25.0,45.0,7.25
56,29,30.0,45.0,7.3
57,29,35.0,45.0,7.35
58,29,40.0,45.0,7.4
59,29,45.0,45.0,7.45
60,29,50.0,45.0,7.5
61,29,55.0,45.0,7.55
62,29,60.0,45.0,7.6
63,29,65.0,45.0,7.65
64,29,70.0,45.0,7.7
65,29,75.0,45.0,7.75
66,29,80.0,45.0,7.8
67,29,85.0,45.0,7.85
68,29,90.0,45.0,7.9
69,29,95.0,45.0,7.95
70,29,100.0,45.0,8.0
71,29,105.0,45.0,8.05
72,29,110.0,45.0,8.1
73,29,115.0,45.0,8.15
74,29,120.0,45.0,8.2
75,29,125.0,45.0,8.25
76,29,130.0,45.0,8.3
77,29,135.0,45.0,8.35
78,29,140.0,45.0,8.4
79,29,145.0,45.0,8.45
80,29,150.0,45.0,8.5
81,29,155.0,45.0,8.55
82,29,160.0,45.0,8.6
83,29,165.0,45.0,8.65
84,29,170.0,45.0,8.7
85,29,175.0,45.0,8.75
86,29,180.0,45.0,8.8
87,29,185.0,45.0,8.85
88,29,190.0,45.0,8.9
89,29,195.0,45.0,8.95
90,29,200.0,45.0,9.0
91,29,205.0,45.0,9.05
92,29,210.0,45.0,9.1
93,29,215.0,45.0,9.15
94,29,220.0,45.0,9.2
95,29,225.0,45.0,9.25
96,29,230.0,45.0,9.3
97,29,235.0,45.0,9.35
98,29,240.0,45.0,9.4
99,29,245.0,45.0,9.45
100,29,250.0,45.0,9.5
0,30,-250.0,50.0,4.5
1,30,-245.0,50.0,4.55
2,30,-240.0,50.0,4.6
3,30,-235.0,50.0,4.65
4,30,-230.0,50.0,4.7
5,30,-225.0,50.0,4.75
6,30,-220.0,50.0,4.8
7,30,-215.0,50.0,4.85
8,30,-210.0,50.0,4.9
9,30,-205.0,50.0,4.95
10,30,-200.0,50.0,5.0
11,30,-195.0,50.0,5.05
12,30,-190.0,50.0,5.1
13,30,-185.0,50.0,5.15
14,30,-180.0,50.0,5.2
15,30,-175.0,50.0,5.25
16,30,-170.0,50.0,5.3
17,30,-165.0,50.0,5.35
18,30,-160.0,50.0,5.4
19,30,-155.0,50.0,5.45
20,30,-150.0,50.0,5.5
21,30,-145.0,50.0,5.55
22,30,-140.0,50.0,5.6
23,30,-135.0,50.0,5.65
24,30,-130.0,50.0,5.7
25,30,-125.0,50.0,5.75
26,30,-120.0,50.0,5.8
27,30,-115.0,50.0,5.85
28,30,-110.0,50.0,5.9
29,30,-105.0,50.0,5.95
30,30,-100.0,50.0,6.0
31,30,-95.0,50.0,6.05
32,30,-90.0,50.0,6.1
33,30,-85.0,50.0,6.15
34,30,-80.0,50.0,6.2
35,30,-75.0,50.0,6.25
36,30,-70.0,50.0,6.3
37,30,-65.0,50.0,6.35
38,30,-60.0,50.0,6.4
39,30,-55.0,50.0,6.45
40,30,-50.0,50.0,6.5
41,30,-45.0,50.0,6.55
42,30,-40.0,50.0,6.6
43,30,-35.0,50.0,6.65
44,30,-30.0,50.0,6.7
45,30,-25.0,50.0,6.75
46,30,-20.0,50.0,6.8
47,30,-15.0,50.0,6.85
48,30,-10.0,50.0,6.9
49,30,-5.0,50.0,6.95
50,30,0.0,50.0,7.0
51,30,5.0,50.0,7.05
52,30,10.0,50.0,7.1
53,30,15.0,50.0,7.15
54,30,20.0,50.0,7.2
55,30,25.0,50.0,7.25
56,30,30.0,50.0,7.3
57,30,35.0,50.0,7.35
58,30,40.0,50.0,7.4
59,30,45.0,50.0,7.45
60,30,50.0,50.0,7.5
61,30,55.0,50.0,7.55
62,30,60.0,50.0,7.6
63,30,65.0,50.0,7.65
64,30,70.0,50.0,7.7
65,30,75.0,50.0,7.75
66,30,80.0,50.0,7.8
67,30,85.0,50.0,7.85
68,30,90.0,50.0,7.9
69,30,95.0,50.0,7.95
70,30,100.0,50.0,8.0
71,30,105.0,50.0,8.05
72,30,110.0,50.0,8.1
73,30,115.0,50.0,8.15
74,30,120.0,50.0,8.2
75,30,125.0,50.0,8.25
76,30,130.0,50.0,8.3
77,30,135.0,50.0,8.35
78,30,140.0,50.0,8.4
79,30,145.0,50.0,8.45
80,30,150.0,50.0,8.5
81,30,155.0,50.0,8.55
82,30,160.0,50.0,8.6
83,30,165.0,50.0,8.65
84,30,170.0,50.0,8.7
85,30,175.0,50.0,8.75
86,30,180.0,50.0,8.8
87,30,185.0,50.0,8.85
88,30,190.0,50.0,8.9
89,30,195.0,50.0,8.95
90,30,200.0,50.0,9.0
91,30,205.0,50.0,9.05
92,30,210.0,50.0,9.1
93,30,215.0,50.0,9.15
94,30,220.0,50.0,9.2
95,30,225.0,50.0,9.25
96,30,230.0,50.0,9.3
97,30,235.0,50.0,9.35
98,30,240.0,50.0,9.4
99,30,245.0,50.0,9.45
100,30,250.0,50.0,9.5
0,31,-250.0,55.0,4.5
1,31,-245.0,55.0,4.55
2,31,-240.0,55.0,4.6
3,31,-235.0,55.0,4.65
4,31,-230.0,55.0,4.7
5,31,-225.0,55.0,4.75
6,31,-220.0,55.0,4.8
7,31,-215.0,55.0,4.85
8,31,-210.0,55.0,4.9
9,31,-205.0,55.0,4.95
10,31,-200.0,55.0,5.0
11,31,-195.0,55.0,5.05
12,31,-190.0,55.0,5.1
13,31,-185.0,55.0,5.15
14,31,-180.0,55.0,5.2
15,31,-175.0,55.0,5.25
16,31,-170.0,55.0,5.3
17,31,-165.0,55.0,5.35
18,31,-160.0,55.0,5.4
19,31,-155.0,55.0,5.45
20,31,-150.0,55.0,5.5
21,31,-145.0,55.0,5.55
22,31,-140.0,55.0,5.6
23,31,-135.0,55.0,5.65
24,31,-130.0,55.0,5.7
25,31,-125.0,55.0,5.75
26,31,-120.0,55.0,5.8
27,31,-115.0,55.0,5.85
28,31,-110.0,55.0,5.9
29,31,-105.0,55.0,5.95
30,31,-100.0,55.0,6.0
31,31,-95.0,55.0,6.05
32,31,-90.0,55.0,6.1
33,31,-85.0,55.0,6.15
34,31,-80.0,55.0,6.2
35,31,-75.0,55.0,6.25
36,31,-70.0,55.0,6.3
37,31,-65.0,55.0,6.35
38,31,-60.0,55.0,6.4
39,31,-55.0,55.0,6.45
40,31,-50.0,55.0,6.5
41,31,-45.0,55.0,6.55
42,31,-40.0,55.0,6.6
43,31,-35.0,55.0,6.65
44,31,-30.0,55.0,6.7
45,31,-25.0,55.0,6.75
46,31,-20.0,55.0,6.8
47,31,-15.0,55.0,6.85
48,31,-10.0,55.0,6.9
49,31,-5.0,55.0,6.95
50,31,0.0,55.0,7.0
51,31,5.0,55.0,7.05
52,31,10.0,55.0,7.1
53,31,15.0,55.0,7.15
54,31,20.0,55.0,7.2
55,31,25.0,55.0,7.25
56,31,30.0,55.0,7.3
57,31,35.0,55.0,7.35
58,31,40.0,55.0,7.4
59,31,45.0,55.0,7.45
60,31,50.0,55.0,7.5
61,31,55.0,55.0,7.55
62,31,60.0,55.0,7.6
63,31,65.0,55.0,7.65
64,31,70.0,55.0,7.7
65,31,75.0,55.0,7.75
66,31,80.0,55.0,7.8
67,31,85.0,55.0,7.85
68,31,90.0,55.0,7.9
69,31,95.0,55.0,7.95
70,31,100.0,55.0,8.0
71,31,105.0,55.0,8.05
72,31,110.0,55.0,8.1
73,31,115.0,55.0,8.15
74,31,120.0,55.0,8.2
75,31,125.0,55.0,8.25
76,31,130.0,55.0,8.3
77,31,135.0,55.0,8.35
78,31,140.0,55.0,8.4
79,31,145.0,55.0,8.45
80,31,150.0,55.0,8.5
81,31,155.0,55.0,8.55
82,31,160.0,55.0,8.6
83,31,165.0,55.0,8.65
84,31,170.0,55.0,8.7
85,31,175.0,55.0,8.75
86,31,180.0,55.0,8.8
87,31,185.0,55.0,8.85
88,31,190.0,55.0,8.9
89,31,195.0,55.0,8.95
90,31,200.0,55.0,9.0
91,31,205.0,55.0,9.05
92,31,210.0,55.0,9.1
93,31,215.0,55.0,9.15
94,31,220.0,55.0,9.2
95,31,225.0,55.0,9.25
96,31,230.0,55.0,9.3
97,31,235.0,55.0,9.35
98,31,240.0,55.0,9.4
99,31,245.0,55.0,9.45
100,31,250.0,55.0,9.5
0,32,-250.0,60.0,4.5
1,32,-245.0,60.0,4.55
2,32,-240.0,60.0,4.6
3,32,-235.0,60.0,4.65
4,32,-230.0,60.0,4.7
5,32,-225.0,60.0,4.75
6,32,-220.0,60.0,4.8
7,32,-215.0,60.0,4.85
8,32,-210.0,60.0,4.9
9,32,-205.0,60.0,4.95
10,32,-200.0,60.0,5.0
11,32,-195.0,60.0,5.05
12,32,-190.0,60.0,5.1
13,32,-185.0,60.0,5.15
14,32,-180.0,60.0,5.2
15,32,-175.0,60.0,5.25
16,32,-170.0,60.0,5.3
17,32,-165.0,60.0,5.35
18,32,-160.0,60.0,5.4
19,32,-155.0,60.0,5.45
20,32,-150.0,60.0,5.5
21,32,-145.0,60.0,5.55
22,32,-140.0,60.0,5.6
23,32,-135.0,60.0,5.65
24,32,-130.0,60.0,5.7
25,32,-125.0,60.0,5.75
26,32,-120.0,60.0,5.8
27,32,-115.0,60.0,5.85
28,32,-110.0,60.0,5.9
29,32,-105.0,60.0,5.95
30,32,-100.0,60.0,6.0
31,32,-95.0,60.0,6.05
32,32,-90.0,60.0,6.1
33,32,-85.0,60.0,6.15
34,32,-80.0,60.0,6.2
35,32,-75.0,60.0,6.25
36,32,-70.0,60.0,6.3
37,32,-65.0,60.0,6.35
38,32,-60.0,60.0,6.4
39,32,-55.0,60.0,6.45
40,32,-50.0,60.0,6.5
41,32,-45.0,60.0,6.55
42,32,-40.0,60.0,6.6
43,32,-35.0,60.0,6.65
44,32,-30.0,60.0,6.7
45,32,-25.0,60.0,6.75
46,32,-20.0,60.0,6.8
47,32,-15.0,60.0,6.85
48,32,-10.0,60.0,6.9
49,32,-5.0,60.0,6.95
50,32,0.0,60.0,7.0
51,32,5.0,60.0,7.05
52,32,10.0,60.0,7.1
53,32,15.0,60.0,7.15
54,32,20.0,60.0,7.2
55,32,25.0,60.0,7.25
56,32,30.0,60.0,7.3
57,32,35.0,60.0,7.35
58,32,40.0,60.0,7.4
59,32,45.0,60.0,7.45
60,32,50.0,60.0,7.5
61,32,55.0,60.0,7.55
62,32,60.0,60.0,7.6
63,32,65.0,60.0,7.65
64,32,70.0,60.0,7.7
65,32,75.0,60.0,7.75
66,32,80.0,60.0,7.8
67,32,85.0,60.0,7.85
68,32,90.0,60.0,7.9
69,32,95.0,60.0,7.95
70,32,100.0,60.0,8.0
71,32,105.0,60.0,8.05
72,32,110.0,60.0,8.1
73,32,115.0,60.0,8.15
74,32,120.0,60.0,8.2
75,32,125.0,60.0,8.25
76,32,130.0,60.0,8.3
77,32,135.0,60.0,8.35
78,32,140.0,60.0,8.4
79,32,145.0,60.0,8.45
80,32,150.0,60.0,8.5
81,32,155.0,60.0,8.55
82,32,160.0,60.0,8.6
83,32,165.0,60.0,8.65
84,32,170.0,60.0,8.7
85,32,175.0,60.0,8.75
86,32,180.0,60.0,8.8
87,32,185.0,60.0,8.85
88,32,190.0,60.0,8.9
89,32,195.0,60.0,8.95
90,32,200.0,60.0,9.0
91,32,205.0,60.0,9.05
92,32,210.0,60.0,9.1
93,32,215.0,60.0,9.15
94,32,220.0,60.0,9.2
95,32,225.0,60.0,9.25
96,32,230.0,60.0,9.3
97,32,235.0,60.0,9.35
98,32,240.0,60.0,9.4
99,32,245.0,60.0,9.45
100,32,250.0,60.0,9.5
0,33,-250.0,65.0,4.5
1,33,-245.0,65.0,4.55
2,33,-240.0,65.0,4.6
3,33,-235.0,65.0,4.65
4,33,-230.0,65.0,4.7
5,33,-225.0,65.0,4.75
6,33,-220.0,65.0,4.8
7,33,-215.0,65.0,4.85
8,33,-210.0,65.0,4.9
9,33,-205.0,65.0,4.95
10,33,-200.0,65.0,5.0
11,33,-195.0,65.0,5.05
12,33,-190.0,65.0,5.1
13,33,-185.0,65.0,5.15
14,33,-180.0,65.0,5.2
15,33,-175.0,65.0,5.25
16,33,-170.0,65.0,5.3
17,33,-165.0,65.0,5.35
18,33,-160.0,65.0,5.4
19,33,-155.0,65.0,5.45
20,33,-150.0,65.0,5.5
21,33,-145.0,65.0,5.55
22,33,-140.0,65.0,5.6
23,33,-135.0,65.0,5.65
24,33,-130.0,65.0,5.7
25,33,-125.0,65.0,5.75
26,33,-120.0,65.0,5.8
27,33,-115.0,65.0,5.85
28,33,-110.0,65.0,5.9
29,33,-105.0,65.0,5.95
30,33,-100.0,65.0,6.0
31,33,-95.0,65.0,6.05
32,33,-90.0,65.0,6.1
33,33,-85.0,65.0,6.15
34,33,-80.0,65.0,6.2
35,33,-75.0,65.0,6.25
36,33,-70.0,65.0,6.3
37,33,-65.0,65.0,6.35
38,33,-60.0,65.0,6.4
39,33,-55.0,65.0,6.45
40,33,-50.0,65.0,6.5
41,33,-45.0,65.0,6.55
42,33,-40.0,65.0,6.6
43,33,-35.0,65.0,6.65
44,33,-30.0,65.0,6.7
45,33,-25.0,65.0,6.75
46,33,-20.0,65.0,6.8
47,33,-15.0,65.0,6.85
48,33,-10.0,65.0,6.9
49,33,-5.0,65.0,6.95
50,33,0.0,65.0,7.0
51,33,5.0,65.0,7.05
52,33,10.0,65.0,7.1
53,33,15.0,65.0,7.15
54,33,20.0,65.0,7.2
55,33,25.0,65.0,7.25
56,33,30.0,65.0,7.3
57,33,35.0,65.0,7.35
58,33,40.0,65.0,7.4
59,33,45.0,65.0,7.45
60,33,50.0,65.0,7.5
61,33,55.0,65.0,7.55
62,33,60.0,65.0,7.6
63,33,65.0,65.0,7.65
64,33,70.0,65.0,7.7
65,33,75.0,65.0,7.75
66,33,80.0,65.0,7.8
67,33,85.0,65.0,7.85
68,33,90.0,65.0,7.9
69,33,95.0,65.0,7.95
70,33,100.0,65.0,8.0
71,33,105.0,65.0,8.05
72,33,110.0,65.0,8.1
73,33,115.0,65.0,8.15
74,33,120.0,65.0,8.2
75,33,125.0,65.0,8.25
76,33,130.0,65.0,8.3
77,33,135.0,65.0,8.35
78,33,140.0,65.0,8.4
79,33,145.0,65.0,8.45
80,33,150.0,65.0,8.5
81,33,155.0,65.0,8.55
82,33,160.0,65.0,8.6
83,33,165.0,65.0,8.65
84,33,170.0,65.0,8.7
85,33,175.0,65.0,8.75
86,33,180.0,65.0,8.8
87,33,185.0,65.0,8.85
88,33,190.0,65.0,8.9
89,33,195.0,65.0,8.95
90,33,200.0,65.0,9.0
91,33,205.0,65.0,9.05
92,33,210.0,65.0,9.1
93,33,215.0,65.0,9.15
94,33,220.0,65.0,9.2
95,33,225.0,65.0,9.25
96,33,230.0,65.0,9.3
97,33,235.0,65.0,9.35
98,33,240.0,65.0,9.4
99,33,245.0,65.0,9.45
100,33,250.0,65.0,9.5
0,34,-250.0,70.0,4.5
1,34,-245.0,70.0,4.55
2,34,-240.0,70.0,4.6
3,34,-235.0,70.0,4.65
4,34,-230.0,70.0,4.7
5,34,-225.0,70.0,4.75
6,34,-220.0,70.0,4.8
7,34,-215.0,70.0,4.85
8,34,-210.0,70.0,4.9
9,34,-205.0,70.0,4.95
10,34,-200.0,70.0,5.0
11,34,-195.0,70.0,5.05
12,34,-190.0,70.0,5.1
13,34,-185.0,70.0,5.15
14,34,-180.0,70.0,5.2
15,34,-175.0,70.0,5.25
16,34,-170.0,70.0,5.3
17,34,-165.0,70.0,5.35
18,34,-160.0,70.0,5.4
19,34,-155.0,70.0,5.45
20,34,-150.0,70.0,5.5
21,34,-145.0,70.0,5.55
22,34,-140.0,70.0,5.6
23,34,-135.0,70.0,5.65
24,34,-130.0,70.0,5.7
25,34,-125.0,70.0,5.75
26,34,-120.0,70.0,5.8
27,34,-115.0,70.0,5.85
28,34,-110.0,70.0,5.9
29,34,-105.0,70.0,5.95
30,34,-100.0,70.0,6.0
31,34,-95.0,70.0,6.05
32,34,-90.0,70.0,6.1
33,34,-85.0,70.0,6.15
34,34,-80.0,70.0,6.2
35,34,-75.0,70.0,6.25
36,34,-70.0,70.0,6.3
37,34,-65.0,70.0,6.35
38,34,-60.0,70.0,6.4
39,34,-55.0,70.0,6.45
40,34,-50.0,70.0,6.5
41,34,-45.0,70.0,6.55
42,34,-40.0,70.0,6.6
43,34,-35.0,70.0,6.65
44,34,-30.0,70.0,6.7
45,34,-25.0,70.0,6.75
46,34,-20.0,70.0,6.8
47,34,-15.0,70.0,6.85
48,34,-10.0,70.0,6.9
49,34,-5.0,70.0,6.95
50,34,0.0,70.0,7.0
51,34,5.0,70.0,7.05
52,34,10.0,70.0,7.1
53,34,15.0,70.0,7.15
54,34,20.0,70.0,7.2
55,34,25.0,70.0,7.25
56,34,30.0,70.0,7.3
57,34,35.0,70.0,7.35
58,34,40.0,70.0,7.4
59,34,45.0,70.0,7.45
60,34,50.0,70.0,7.5
61,34,55.0,70.0,7.55
62,34,60.0,70.0,7.6
63,34,65.0,70.0,7.65
64,34,70.0,70.0,7.7
65,34,75.0,70.0,7.75
66,34,80.0,70.0,7.8
67,34,85.0,70.0,7.85
68,34,90.0,70.0,7.9
69,34,95.0,70.0,7.95
70,34,100.0,70.0,8.0
71,34,105.0,70.0,8.05
72,34,110.0,70.0,8.1
73,34,115.0,70.0,8.15
74,34,120.0,70.0,8.2
75,34,125.0,70.0,8.25
76,34,130.0,70.0,8.3
77,34,135.0,70.0,8.35
78,34,140.0,70.0,8.4
79,34,145.0,70.0,8.45
80,34,150.0,70.0,8.5
81,34,155.0,70.0,8.55
82,34,160.0,70.0,8.6
83,34,165.0,70.0,8.65
84,34,170.0,70.0,8.7
85,34,175.0,70.0,8.75
86,34,180.0,70.0,8.8
87,34,185.0,70.0,8.85
88,34,190.0,70.0,8.9
89,34,195.0,70.0,8.95
90,34,200.0,70.0,9.0
91,34,205.0,70.0,9.05
92,34,210.0,70.0,9.1
93,34,215.0,70.0,9.15
94,34,220.0,70.0,9.2
95,34,225.0,70.0,9.25
96,34,230.0,70.0,9.3
97,34,235.0,70.0,9.35
98,34,240.0,70.0,9.4
99,34,245.0,70.0,9.45
100,34,250.0,70.0,9.5
0,35,-250.0,75.0,4.5
1,35,-245.0,75.0,4.55
2,35,-240.0,75.0,4.6
3,35,-235.0,75.0,4.65
4,35,-230.0,75.0,4.7
5,35,-225.0,75.0,4.75
6,35,-220.0,75.0,4.8
7,35,-215.0,75.0,4.85
8,35,-210.0,75.0,4.9
9,35,-205.0,75.0,4.95
10,35,-200.0,75.0,5.0
11,35,-195.0,75.0,5.05
12,35,-190.0,75.0,5.1
13,35,-185.0,75.0,5.15
14,35,-180.0,75.0,5.2
15,35,-175.0,75.0,5.25
16,35,-170.0,75.0,5.3
17,35,-165.0,75.0,5.35
18,35,-160.0,75.0,5.4
19,35,-155.0,75.0,5.45
20,35,-150.0,75.0,5.5
21,35,-145.0,75.0,5.55
22,35,-140.0,75.0,5.6
23,35,-135.0,75.0,5.65
24,35,-130.0,75.0,5.7
25,35,-125.0,75.0,5.75
26,35,-120.0,75.0,5.8
27,35,-115.0,75.0,5.85
28,35,-110.0,75.0,5.9
29,35,-105.0,75.0,5.95
30,35,-100.0,75.0,6.0
31,35,-95.0,75.0,6.05
32,35,-90.0,75.0,6.1
33,35,-85.0,75.0,6.15
34,35,-80.0,75.0,6.2
35,35,-75.0,75.0,6.25
36,35,-70.0,75.0,6.3
37,35,-65.0,75.0,6.35
38,35,-60.0,75.0,6.4
39,35,-55.0,75.0,6.45
40,35,-50.0,75.0,6.5
41,35,-45.0,75.0,6.55
42,35,-40.0,75.0,6.6
43,35,-35.0,75.0,6.65
44,35,-30.0,75.0,6.7
45,35,-25.0,75.0,6.75
46,35,-20.0,75.0,6.8
47,35,-15.0,75.0,6.85
48,35,-10.0,75.0,6.9
49,35,-5.0,75.0,6.95
50,35,0.0,75.0,7.0
51,35,5.0,75.0,7.05
52,35,10.0,75.0,7.1
53,35,15.0,75.0,7.15
54,35,20.0,75.0,7.2
55,35,25.0,75.0,7.25
56,35,30.0,75.0,7.3
57,35,35.0,75.0,7.35
58,35,40.0,75.0,7.4
59,35,45.0,75.0,7.45
60,35,50.0,75.0,7.5
61,35,55.0,75.0,7.55
62,35,60.0,75.0,7.6
63,35,65.0,75.0,7.65
64,35,70.0,75.0,7.7
65,35,75.0,75.0,7.75
66,35,80.0,75.0,7.8
67,35,85.0,75.0,7.85
68,35,90.0,75.0,7.9
69,35,95.0,75.0,7.95
70,35,100.0,75.0,8.0
71,35,105.0,75.0,8.05
72,35,110.0,75.0,8.1
73,35,115.0,75.0,8.15
74,35,120.0,75.0,8.2
75,35,125.0,75.0,8.25
76,35,130.0,75.0,8.3
77,35,135.0,75.0,8.35
78,35,140.0,75.0,8.4
79,35,145.0,75.0,8.45
80,35,150.0,75.0,8.5
81,35,155.0,75.0,8.55
82,35,160.0,75.0,8.6
83,35,165.0,75.0,8.65
84,35,170.0,75.0,8.7
85,35,175.0,75.0,8.75
86,35,180.0,75.0,8.8
87,35,185.0,75.0,8.85
88,35,190.0,75.0,8.9
89,35,195.0,75.0,8.95
90,35,200.0,75.0,9.0
91,35,205.0,75.0,9.05
92,35,210.0,75.0,9.1
93,35,215.0,75.0,9.15
94,35,220.0,75.0,9.2
95,35,225.0,75.0,9.25
96,35,230.0,75.0,9.3
97,35,235.0,75.0,9.35
98,35,240.0,75.0,9.4
99,35,245.0,75.0,9.45
100,35,250.0,75.0,9.5
0,36,-250.0,80.0,4.5
1,36,-245.0,80.0,4.55
2,36,-240.0,80.0,4.6
3,36,-235.0,80.0,4.65
4,36,-230.0,80.0,4.7
5,36,-225.0,80.0,4.75
6,36,-220.0,80.0,4.8
7,36,-215.0,80.0,4.85
8,36,-210.0,80.0,4.9
9,36,-205.0,80.0,4.95
10,36,-200.0,80.0,5.0
11,36,-195.0,80.0,5.05
12,36,-190.0,80.0,5.1
13,36,-185.0,80.0,5.15
14,36,-180.0,80.0,5.2
15,36,-175.0,80.0,5.25
16,36,-170.0,80.0,5.3
17,36,-165.0,80.0,5.35
18,36,-160.0,80.0,5.4
19,36,-155.0,80.0,5.45
20,36,-150.0,80.0,5.5
21,36,-145.0,80.0,5.55
22,36,-140.0,80.0,5.6
23,36,-135.0,80.0,5.65
24,36,-130.0,80.0,5.7
25,36,-125.0,80.0,5.75
26,36,-120.0,80.0,5.8
27,36,-115.0,80.0,5.85
28,36,-110.0,80.0,5.9
29,36,-105.0,80.0,5.95
30,36,-100.0,80.0,6.0
31,36,-95.0,80.0,6.05
32,36,-90.0,80.0,6.1
33,36,-85.0,80.0,6.15
34,36,-80.0,80.0,6.2
35,36,-75.0,80.0,6.25
36,36,-70.0,80.0,6.3
37,36,-65.0,80.0,6.35
38,36,-60.0,80.0,6.4
39,36,-55.0,80.0,6.45
40,36,-50.0,80.0,6.5
41,36,-45.0,80.0,6.55
42,36,-40.0,80.0,6.6
43,36,-35.0,80.0,6.65
44,36,-30.0,80.0,6.7
45,36,-25.0,80.0,6.75
46,36,-20.0,80.0,6.8
47,36,-15.0,80.0,6.85
48,36,-10.0,80.0,6.9
49,36,-5.0,80.0,6.95
50,36,0.0,80.0,7.0
51,36,5.0,80.0,7.05
52,36,10.0,80.0,7.1
53,36,15.0,80.0,7.15
54,36,20.0,80.0,7.2
55,36,25.0,80.0,7.25
56,36,30.0,80.0,7.3
57,36,35.0,80.0,7.35
58,36,40.0,80.0,7.4
59,36,45.0,80.0,7.45
60,36,50.0,80.0,7.5
61,36,55.0,80.0,7.55
62,36,60.0,80.0,7.6
63,36,65.0,80.0,7.65
64,36,70.0,80.0,7.7
65,36,75.0,80.0,7.75
66,36,80.0,80.0,7.8
67,36,85.0,80.0,7.85
68,36,90.0,80.0,7.9
69,36,95.0,80.0,7.95
70,36,100.0,80.0,8.0
71,36,105.0,80.0,8.05
72,36,110.0,80.0,8.1
73,36,115.0,80.0,8.15
74,36,120.0,80.0,8.2
75,36,125.0,80.0,8.25
76,36,130.0,80.0,8.3
77,36,135.0,80.0,8.35
78,36,140.0,80.0,8.4
79,36,145.0,80.0,8.45
80,36,150.0,80.0,8.5
81,36,155.0,80.0,8.55
82,36,160.0,80.0,8.6
83,36,165.0,80.0,8.65
84,36,170.0,80.0,8.7
85,36,175.0,80.0,8.75
86,36,180.0,80.0,8.8
87,36,185.0,80.0,8.85
88,36,190.0,80.0,8.9
89,36,195.0,80.0,8.95
90,36,200.0,80.0,9.0
91,36,205.0,80.0,9.05
92,36,210.0,80.0,9.1
93,36,215.0,80.0,9.15
94,36,220.0,80.0,9.2
95,36,225.0,80.0,9.25
96,36,230.0,80.0,9.3
97,36,235.0,80.0,9.35
98,36,240.0,80.0,9.4
99,36,245.0,80.0,9.45
100,36,250.0,80.0,9.5
0,37,-250.0,85.0,4.5
1,37,-245.0,85.0,4.55
2,37,-240.0,85.0,4.6
3,37,-235.0,85.0,4.65
4,37,-230.0,85.0,4.7
5,37,-225.0,85.0,4.75
6,37,-220.0,85.0,4.8
7,37,-215.0,85.0,4.85
8,37,-210.0,85.0,4.9
9,37,-205.0,85.0,4.95
10,37,-200.0,85.0,5.0
11,37,-195.0,85.0,5.05
12,37,-190.0,85.0,5.1
13,37,-185.0,85.0,5.15
14,37,-180.0,85.0,5.2
15,37,-175.0,85.0,5.25
16,37,-170.0,85.0,5.3
17,37,-165.0,85.0,5.35
18,37,-160.0,85.0,5.4
19,37,-155.0,85.0,5.45
20,37,-150.0,85.0,5.5
21,37,-145.0,85.0,5.55
22,37,-140.0,85.0,5.6
23,37,-135.0,85.0,5.65
24,37,-130.0,85.0,5.7
25,37,-125.0,85.0,5.75
26,37,-120.0,85.0,5.8
27,37,-115.0,85.0,5.85
28,37,-110.0,85.0,5.9
29,37,-105.0,85.0,5.95
30,37,-100.0,85.0,6.0
31,37,-95.0,85.0,6.05
32,37,-90.0,85.0,6.1
33,37,-85.0,85.0,6.15
34,37,-80.0,85.0,6.2
35,37,-75.0,85.0,6.25
36,37,-70.0,85.0,6.3
37,37,-65.0,85.0,6.35
38,37,-60.0,85.0,6.4
39,37,-55.0,85.0,6.45
40,37,-50.0,85.0,6.5
41,37,-45.0,85.0,6.55
42,37,-40.0,85.0,6.6
43,37,-35.0,85.0,6.65
44,37,-30.0,85.0,6.7
45,37,-25.0,85.0,6.75
46,37,-20.0,85.0,6.8
47,37,-15.0,85.0,6.85
48,37,-10.0,85.0,6.9
49,37,-5.0,85.0,6.95
50,37,0.0,85.0,7.0
51,37,5.0,85.0,7.05
52,37,10.0,85.0,7.1
53,37,15.0,85.0,7.15
54,37,20.0,85.0,7.2
55,37,25.0,85.0,7.25
56,37,30.0,85.0,7.3
57,37,35.0,85.0,7.35
58,37,40.0,85.0,7.4
59,37,45.0,85.0,7.45
60,37,50.0,85.0,7.5
61,37,55.0,85.0,7.55
62,37,60.0,85.0,7.6
63,37,65.0,85.0,7.65
64,37,70.0,85.0,7.7
65,37,75.0,85.0,7.75
66,37,80.0,85.0,7.8
67,37,85.0,85.0,7.85
68,37,90.0,85.0,7.9
69,37,95.0,85.0,7.95
70,37,100.0,85.0,8.0
71,37,105.0,85.0,8.05
72,37,110.0,85.0,8.1
73,37,115.0,85.0,8.15
74,37,120.0,85.0,8.2
75,37,125.0,85.0,8.25
76,37,130.0,85.0,8.3
77,37,135.0,85.0,8.35
78,37,140.0,85.0,8.4
79,37,145.0,85.0,8.45
80,37,150.0,85.0,8.5
81,37,155.0,85.0,8.55
82,37,160.0,85.0,8.6
83,37,165.0,85.0,8.65
84,37,170.0,85.0,8.7
85,37,175.0,85.0,8.75
86,37,180.0,85.0,8.8
87,37,185.0,85.0,8.85
88,37,190.0,85.0,8.9
89,37,195.0,85.0,8.95
90,37,200.0,85.0,9.0
91,37,205.0,85.0,9.05
92,37,210.0,85.0,9.1
93,37,215.0,85.0,9.15
94,37,220.0,85.0,9.2
95,37,225.0,85.0,9.25
96,37,230.0,85.0,9.3
97,37,235.0,85.0,9.35
98,37,240.0,85.0,9.4
99,37,245.0,85.0,9.45
100,37,250.0,85.0,9.5
0,38,-250.0,90.0,4.5
1,38,-245.0,90.0,4.55
2,38,-240.0,90.0,4.6
3,38,-235.0,90.0,4.65
4,38,-230.0,90.0,4.7
5,38,-225.0,90.0,4.75
6,38,-220.0,90.0,4.8
7,38,-215.0,90.0,4.85
8,38,-210.0,90.0,4.9
9,38,-205.0,90.0,4.95
10,38,-200.0,90.0,5.0
11,38,-195.0,90.0,5.05
12,38,-190.0,90.0,5.1
13,38,-185.0,90.0,5.15
14,38,-180.0,90.0,5.2
15,38,-175.0,90.0,5.25
16,38,-170.0,90.0,5.3
17,38,-165.0,90.0,5.35
18,38,-160.0,90.0,5.4
19,38,-155.0,90.0,5.45
20,38,-150.0,90.0,5.5
21,38,-145.0,90.0,5.55
22,38,-140.0,90.0,5.6
23,38,-135.0,90.0,5.65
24,38,-130.0,90.0,5.7
25,38,-125.0,90.0,5.75
26,38,-120.0,90.0,5.8
27,38,-115.0,90.0,5.85
28,38,-110.0,90.0,5.9
29,38,-105.0,90.0,5.95
30,38,-100.0,90.0,6.0
31,38,-95.0,90.0,6.05
32,38,-90.0,90.0,6.1
33,38,-85.0,90.0,6.15
34,38,-80.0,90.0,6.2
35,38,-75.0,90.0,6.25
36,38,-70.0,90.0,6.3
37,38,-65.0,90.0,6.35
38,38,-60.0,90.0,6.4
39,38,-55.0,90.0,6.45
40,38,-50.0,90.0,6.5
41,38,-45.0,90.0,6.55
42,38,-40.0,90.0,6.6
43,38,-35.0,90.0,6.65
44,38,-30.0,90.0,6.7
45,38,-25.0,90.0,6.75
46,38,-20.0,90.0,6.8
47,38,-15.0,90.0,6.85
48,38,-10.0,90.0,6.9
49,38,-5.0,90.0,6.95
50,38,0.0,90.0,7.0
51,38,5.0,90.0,7.05
52,38,10.0,90.0,7.1
53,38,15.0,90.0,7.15
54,38,20.0,90.0,7.2
55,38,25.0,90.0,7.25
56,38,30.0,90.0,7.3
57,38,35.0,90.0,7.35
58,38,40.0,90.0,7.4
59,38,45.0,90.0,7.45
60,38,50.0,90.0,7.5
61,38,55.0,90.0,7.55
62,38,60.0,90.0,7.6
63,38,65.0,90.0,7.65
64,38,70.0,90.0,7.7
65,38,75.0,90.0,7.75
66,38,80.0,90.0,7.8
67,38,85.0,90.0,7.85
68,38,90.0,90.0,7.9
69,38,95.0,90.0,7.95
70,38,100.0,90.0,8.0
71,38,105.0,90.0,8.05
72,38,110.0,90.0,8.1
73,38,115.0,90.0,8.15
74,38,120.0,90.0,8.2
75,38,125.0,90.0,8.25
76,38,130.0,90.0,8.3
77,38,135.0,90.0,8.35
78,38,140.0,90.0,8.4
79,38,145.0,90.0,8.45
80,38,150.0,90.0,8.5
81,38,155.0,90.0,8.55
82,38,160.0,90.0,8.6
83,38,165.0,90.0,8.65
84,38,170.0,90.0,8.7
85,38,175.0,90.0,8.75
86,38,180.0,90.0,8.8
87,38,185.0,90.0,8.85
88,38,190.0,90.0,8.9
89,38,195.0,90.0,8.95
90,38,200.0,90.0,9.0
91,38,205.0,90.0,9.05
92,38,210.0,90.0,9.1
93,38,215.0,90.0,9.15
94,38,220.0,90.0,9.2
95,38,225.0,90.0,9.25
96,38,230.0,90.0,9.3
97,38,235.0,90.0,9.35
98,38,240.0,90.0,9.4
99,38,245.0,90.0,9.45
100,38,250.0,90.0,9.5
0,39,-250.0,95.0,4.5
1,39,-245.0,95.0,4.55
2,39,-240.0,95.0,4.6
3,39,-235.0,95.0,4.65
4,39,-230.0,95.0,4.7
5,39,-225.0,95.0,4.75
6,39,-220.0,95.0,4.8
7,39,-215.0,95.0,4.85
8,39,-210.0,95.0,4.9
9,39,-205.0,95.0,4.95
10,39,-200.0,95.0,5.0
11,39,-195.0,95.0,5.05
12,39,-190.0,95.0,5.1
13,39,-185.0,95.0,5.15
14,39,-180.0,95.0,5.2
15,39,-175.0,95.0,5.25
16,39,-170.0,95.0,5.3
17,39,-165.0,95.0,5.35
18,39,-160.0,95.0,5.4
19,39,-155.0,95.0,5.45
20,39,-150.0,95.0,5.5
21,39,-145.0,95.0,5.55
22,39,-140.0,95.0,5.6
23,39,-135.0,95.0,5.65
24,39,-130.0,95.0,5.7
25,39,-125.0,95.0,5.75
26,39,-120.0,95.0,5.8
27,39,-115.0,95.0,5.85
28,39,-110.0,95.0,5.9
29,39,-105.0,95.0,5.95
30,39,-100.0,95.0,6.0
31,39,-95.0,95.0,6.05
32,39,-90.0,95.0,6.1
33,39,-85.0,95.0,6.15
34,39,-80.0,95.0,6.2
35,39,-75.0,95.0,6.25
36,39,-70.0,95.0,6.3
37,39,-65.0,95.0,6.35
38,39,-60.0,95.0,6.4
39,39,-55.0,95.0,6.45
40,39,-50.0,95.0,6.5
41,39,-45.0,95.0,6.55
42,39,-40.0,95.0,6.6
43,39,-35.0,95.0,6.65
44,39,-30.0,95.0,6.7
45,39,-25.0,95.0,6.75
46,39,-20.0,95.0,6.8
47,39,-15.0,95.0,6.85
48,39,-10.0,95.0,6.9
49,39,-5.0,95.0,6.95
50,39,0.0,95.0,7.0
51,39,5.0,95.0,7.05
52,39,10.0,95.0,7.1
53,39,15.0,95.0,7.15
54,39,20.0,95.0,7.2
55,39,25.0,95.0,7.25
56,39,30.0,95.0,7.3
57,39,35.0,95.0,7.35
58,39,40.0,95.0,7.4
59,39,45.0,95.0,7.45
60,39,50.0,95.0,7.5
61,39,55.0,95.0,7.55
62,39,60.0,95.0,7.6
63,39,65.0,95.0,7.65
64,39,70.0,95.0,7.7
65,39,75.0,95.0,7.75
66,39,80.0,95.0,7.8
67,39,85.0,95.0,7.85
68,39,90.0,95.0,7.9
69,39,95.0,95.0,7.95
70,39,100.0,95.0,8.0
71,39,105.0,95.0,8.05
72,39,110.0,95.0,8.1
73,39,115.0,95.0,8.15
74,39,120.0,95.0,8.2
75,39,125.0,95.0,8.25
76,39,130.0,95.0,8.3
77,39,135.0,95.0,8.35
78,39,140.0,95.0,8.4
79,39,145.0,95.0,8.45
80,39,150.0,95.0,8.5
81,39,155.0,95.0,8.55
82,39,160.0,95.0,8.6
83,39,165.0,95.0,8.65
84,39,170.0,95.0,8.7
85,39,175.0,95.0,8.75
86,39,180.0,95.0,8.8
87,39,185.0,95.0,8.85
88,39,190.0,95.0,8.9
89,39,195.0,95.0,8.95
90,39,200.0,95.0,9.0
91,39,205.0,95.0,9.05
92,39,210.0,95.0,9.1
93,39,215.0,95.0,9.15
94,39,220.0,95.0,9.2
95,39,225.0,95.0,9.25
96,39,230.0,95.0,9.3
97,39,235.0,95.0,9.35
98,39,240.0,95.0,9.4
99,39,245.0,95.0,9.45
100,39,250.0,95.0,9.5
0,40,-250.0,100.0,4.5
1,40,-245.0,100.0,4.55
2,40,-240.0,100.0,4.6
3,40,-235.0,100.0,4.65
4,40,-230.0,100.0,4.7
5,40,-225.0,100.0,4.75
6,40,-220.0,100.0,4.8
7,40,-215.0,100.0,4.85
8,40,-210.0,100.0,4.9
9,40,-205.0,100.0,4.95
10,40,-200.0,100.0,5.0
11,40,-195.0,100.0,5.05
12,40,-190.0,100.0,5.1
13,40,-185.0,100.0,5.15
14,40,-180.0,100.0,5.2
15,40,-175.0,100.0,5.25
16,40,-170.0,100.0,5.3
17,40,-165.0,100.0,5.35
18,40,-160.0,100.0,5.4
19,40,-155.0,100.0,5.45
20,40,-150.0,100.0,5.5
21,40,-145.0,100.0,5.55
22,40,-140.0,100.0,5.6
23,40,-135.0,100.0,5.65
24,40,-130.0,100.0,5.7
25,40,-125.0,100.0,5.75
26,40,-120.0,100.0,5.8
27,40,-115.0,100.0,5.85
28,40,-110.0,100.0,5.9
29,40,-105.0,100.0,5.95
30,40,-100.0,100.0,6.0
31,40,-95.0,100.0,6.05
32,40,-90.0,100.0,6.1
33,40,-85.0,100.0,6.15
34,40,-80.0,100.0,6.2
35,40,-75.0,100.0,6.25
36,40,-70.0,100.0,6.3
37,40,-65.0,100.0,6.35
38,40,-60.0,100.0,6.4
39,40,-55.0,100.0,6.45
40,40,-50.0,100.0,6.5
41,40,-45.0,100.0,6.55
42,40,-40.0,100.0,6.6
43,40,-35.0,100.0,6.65
44,40,-30.0,100.0,6.7
45,40,-25.0,100.0,6.75
46,40,-20.0,100.0,6.8
47,40,-15.0,100.0,6.85
48,40,-10.0,100.0,6.9
49,40,-5.0,100.0,6.95
50,40,0.0,100.0,7.0
51,40,5.0,100.0,7.05
52,40,10.0,100.0,7.1
53,40,15.0,100.0,7.15
54,40,20.0,100.0,7.2
55,40,25.0,100.0,7.25
56,40,30.0,100.0,7.3
57,40,35.0,100.0,7.35
58,40,40.0,100.0,7.4
59,40,45.0,100.0,7.45
60,40,50.0,100.0,7.5
61,40,55.0,100.0,7.55
62,40,60.0,100.0,7.6
63,40,65.0,100.0,7.65
64,40,70.0,100.0,7.7
65,40,75.0,100.0,7.75
66,40,80.0,100.0,7.8
67,40,85.0,100.0,7.85
68,40,90.0,100.0,7.9
69,40,95.0,100.0,7.95
70,40,100.0,100.0,8.0
71,40,105.0,100.0,8.05
72,40,110.0,100.0,8.1
73,40,115.0,100.0,8.15
74,40,120.0,100.0,8.2
75,40,125.0,100.0,8.25
76,40,130.0,100.0,8.3
77,40,135.0,100.0,8.35
78,40,140.0,100.0,8.4
79,40,145.0,100.0,8.45
80,40,150.0,100.0,8.5
81,40,155.0,100.0,8.55
82,40,160.0,100.0,8.6
83,40,165.0,100.0,8.65
84,40,170.0,100.0,8.7
85,40,175.0,100.0,8.75
86,40,180.0,100.0,8.8
87,40,185.0,100.0,8.85
88,40,190.0,100.0,8.9
89,40,195.0,100.0,8.95
90,40,200.0,100.0,9.0
91,40,205.0,100.0,9.05
92,40,210.0,100.0,9.1
93,40,215.0,100.0,9.15
94,40,220.0,100.0,9.2
95,40,225.0,100.0,9.25
96,40,230.0,100.0,9.3
97,40,235.0,100.0,9.35
98,40,240.0,100.0,9.4
99,40,245.0,100.0,9.45
100,40,250.0,100.0,9.5
